train-logloss-mean,train-logloss-std,train-error-mean,train-error-std,test-logloss-mean,test-logloss-std,test-error-mean,test-error-std
0.6476831365398875,0.00045894564599441854,0.404248495133617,0.000966089073861808,0.6479333131731904,0.0015251151280560882,0.4042484469393795,0.0038645519193416383
0.6253554001627536,0.00027132875125959976,0.404248495133617,0.000966089073861808,0.6258004559695545,0.0019278924002616414,0.4042484469393795,0.0038645519193416383
0.6052331833722071,0.00033957751195179024,0.404248495133617,0.000966089073861808,0.6058835684664967,0.0021669130234371475,0.4042484469393795,0.0038645519193416383
0.5866178158519197,0.0003575375871881003,0.2862800854011064,0.010105575337150282,0.5874753538345915,0.002142875313077929,0.28811509405947505,0.013632260050705934
0.5673789303770543,0.000296121028757266,0.23497923409673108,0.002418435979136309,0.5683504102789917,0.0021293698107723797,0.2366876057814749,0.005520769104032864
0.5489101851407708,0.00041269111319892844,0.19987598475022056,0.001267387571713845,0.5501333530401065,0.002105249330776069,0.202166416847197,0.0017483468884421124
0.5316321534524572,0.0004014461591078808,0.17846898985563947,0.006235094775122658,0.5330229173037709,0.0020244384923528824,0.1811432512139635,0.004948388154920175
0.51804951372175,0.0002779006157511571,0.15525243346060727,0.0048002040754255935,0.5195608958411196,0.0022776932286468045,0.1583652427689964,0.009523865832650885
0.5031566196002945,0.00029833868810346113,0.14599785926538808,0.0027479437272613966,0.5048227074502949,0.002481832869810504,0.14827543003274848,0.00826810238209902
0.49132705616837347,0.000447254982000248,0.14056490856079934,0.0025962882528432645,0.4931680910707515,0.0024693746116149938,0.14377045641115363,0.007980686729791223
0.48181560854234506,0.0004902625322656427,0.13937117303032198,0.0013644476027402058,0.48380275561202046,0.0024462101009467534,0.14191452429087775,0.006651087342937252
0.4690276539109016,0.0004297627511768846,0.12640886353252098,0.0027722982860339963,0.4711506845825678,0.002599705361095545,0.12959758674719707,0.00694681557574347
0.45713284609388183,0.0005316262092764224,0.12037271608280467,0.0019517213462966498,0.4594010175235878,0.0024574161025126425,0.12342228944807854,0.006399991336480129
0.44592057094247445,0.0006406867561137455,0.11664810367844444,0.000517157176279557,0.4482951667665166,0.002322968732772307,0.11991284438465459,0.004882296690152094
0.4356101345601875,0.0005672434254471433,0.11462341050624095,0.0012103054952439327,0.43811158919678495,0.002416644391526501,0.11805684678649717,0.0046695475715167085
0.4260106995745924,0.0005379340155549398,0.11346342704421715,0.0008851850852218631,0.42870347802935627,0.0024286935201587715,0.11665642008991792,0.004896939236475686
0.4179950496995305,0.0005773121921006863,0.11310909784809568,0.0005026838946011929,0.420880445597981,0.002446817873296051,0.11655521263650234,0.00506537581043003
0.4097117656331557,0.0006955536576541268,0.11220641835086394,0.0004776872870981866,0.4127879495596001,0.0024009523196438305,0.11535728198239012,0.0051236340188004735
0.4018102901018154,0.0007168490737846291,0.11149777054517473,0.0005414564146190473,0.40500810026462475,0.0025500770040645816,0.11434493130238595,0.004670560366231952
0.39461629123058073,0.0008136441142896303,0.11099159146955248,0.000994272422990445,0.3980028022816208,0.0025592476422700156,0.11429430835934336,0.004582064563040096
0.3876536781426122,0.0009473938676693328,0.10999611202141388,0.0013285189242892071,0.39117586354505324,0.002595132664967516,0.11282642236356619,0.004571833336823866
0.3812178995653076,0.0009495270779328971,0.10916936044418084,0.0013630695295436454,0.38489973036029757,0.002660644189263236,0.11233711327179581,0.004503632672147283
0.3745821901666856,0.00096212211878278,0.10845228031498697,0.0012034724149306032,0.37843777226856307,0.00248436799624437,0.11199966731542436,0.004026749645177759
0.3685641958445275,0.001136916728846605,0.10793766918274798,0.001822829312837221,0.3725286995078861,0.0024385589953471293,0.11179720258846593,0.0033804026405335106
0.36299934868627215,0.0011168302299333775,0.10703077783845179,0.0018085935546174018,0.36711590988222675,0.0024807295803518183,0.11110540599482177,0.0036433580982147716
0.35737751474383955,0.0012009957108423735,0.10679455899710924,0.00173352848702794,0.36158689832491653,0.002454253680546625,0.1110379210738441,0.0036514862218951253
0.35229402545644506,0.001099722119026276,0.10631791124661247,0.001545934015824236,0.35663359403768774,0.002639390871159361,0.11044737606001395,0.0034820835500071244
0.34749566811493493,0.001076437135198664,0.106064824733531,0.0019318591676178143,0.3519663598986225,0.0026525143438191102,0.11017741787148458,0.003489351633620108
0.343259464821821,0.0011287698232851492,0.1056936267091563,0.0019601233628548306,0.34786540520475645,0.0026648022205487992,0.10994122349492719,0.0027142360668585288
0.33953065581873504,0.0011402425688372296,0.10572737486325386,0.002074254829024452,0.34428869929802464,0.0026556579056944986,0.10951939647727005,0.003252793108223707
0.33523329653323014,0.0012149645939014773,0.10502716916695935,0.0018628853598081684,0.3401060646964602,0.0026447393697460594,0.10886135942530122,0.003483384858184441
0.33119819975119724,0.0013491798541626417,0.10484579249942753,0.002231290931680013,0.3361696218593294,0.0025706034994804044,0.10859140408363625,0.003087001518981898
0.32730558153879785,0.0014134853692991335,0.10432273952468178,0.0023978084904176986,0.3324645659444758,0.0025626602173442177,0.10818647890001601,0.0026105132862025426
0.32369207122100285,0.0014001061266777255,0.10401059498740647,0.002479569608771264,0.328909965292671,0.0027163179666675106,0.10801777086786846,0.002533754073598857
0.32015170948315674,0.001447573008637217,0.10314588011739385,0.002424182190940763,0.32544611367495396,0.002782615773981903,0.1072922545886508,0.002307299255425233
0.31668155296643324,0.0014264136638772375,0.10288013706793678,0.0022171025291089696,0.32210838481816007,0.0028707432231846277,0.10712353374561341,0.0022801871035982176
0.3130962244375916,0.001446359792773955,0.10237396146185736,0.002206432326717646,0.31861482832831334,0.0029029758138809274,0.10660048219335416,0.0026411212609951003
0.3099645578919305,0.0014331427048497889,0.10211665322685877,0.002197205568857877,0.3156548218347923,0.0030803936745239986,0.1065161281772804,0.0023831228491233373
0.30697261462852177,0.0015152972157092168,0.10172015289421188,0.0022503986154771426,0.31274847569310077,0.0029988895957371773,0.10606055015854117,0.0030442253641480978
0.304297201169868,0.0015378499177626324,0.1013573934207264,0.002341638912965184,0.31017514003510954,0.0030797078093517953,0.10568936031824869,0.002941714355801203
0.3019067453553942,0.0015595609844286239,0.10093558046014153,0.00192453470799608,0.30786303226280926,0.0030632230387400822,0.10541940070628715,0.0031262185473387963
0.2991099725326999,0.0015131338917646904,0.10039565696685246,0.0020865500090410855,0.30517173219921584,0.0030842624567777154,0.10508196044364453,0.0029012643953570316
0.29690315704674203,0.001496109438655089,0.10004555580899528,0.002079247406027308,0.3030773693147011,0.0030828926695865865,0.10469387730990842,0.002638263949155809
0.2943491177583354,0.001615175655520941,0.09961953073445803,0.0018889891249574792,0.3006193909948774,0.003055417835962572,0.10393460148901541,0.0027724903507128735
0.2919433168936042,0.0015925694750464458,0.09923990127620505,0.001776937950678327,0.2983074940033803,0.0030721838049986524,0.10317533278528346,0.0029796831124082315
0.28978142916726035,0.0015347274335657112,0.09888557635029013,0.0015657043489597405,0.29622365170954357,0.00313925018473799,0.10282102058068035,0.002962517367941794
0.2875486704413614,0.0014457165006127011,0.09873372077718062,0.0016098891763033744,0.29414351619444823,0.0031673950233146583,0.10283789679293749,0.0029561819564199623
0.2858532322344141,0.0014137305338089033,0.09845954398081672,0.001470978473992657,0.2925492824452399,0.0031717623637733216,0.10258481196980088,0.0029659255130258743
0.28434365687202107,0.001433884040375046,0.09821911026768007,0.0014376966869327982,0.2911558742232635,0.0031435584163826418,0.10273665944744555,0.0027944405460024256
0.2820976267346164,0.001410436078945654,0.09744297549487257,0.001367365404794246,0.2890616107412188,0.0032752096750192266,0.10192679342245073,0.0029553776440827545
0.2802310143087893,0.0014498228939303281,0.0973037758354002,0.001255832614070792,0.28725861953976495,0.0032634931204874235,0.1016399704091219,0.0029825704026946063
0.2781455538801361,0.0013936912909353792,0.0970127249619875,0.0011703795240585152,0.2852832709439204,0.003506570844693547,0.10170746956442163,0.0028457087432060277
0.27617228860699494,0.0014076486804382655,0.09673010961473436,0.0012161783027607395,0.28335672286063385,0.003394984476018531,0.10116754037647305,0.002901285057030775
0.2743329227566377,0.0014412319616399238,0.09617753776963225,0.0011125713795324265,0.28158909606709637,0.003436508666234322,0.10054323582096758,0.0033543389713614397
0.27261817113853803,0.0014762610248790764,0.0958316508608307,0.0011144551993338009,0.2799795294810473,0.0034778027002550908,0.10012142730792914,0.003230819204128795
0.2705680607402131,0.0014919901424783246,0.09538874485912167,0.0008197421082852692,0.2780540642173136,0.0035152704023568254,0.10015519823706213,0.003158992070913832
0.2686635740770892,0.001512356275869883,0.09487413328206949,0.0011554072326702732,0.27622246583445353,0.003522991259767604,0.09946342014803666,0.0030439306632129106
0.2669592547271663,0.0017491372292261257,0.09428781283805664,0.0010469310487891785,0.2745863082774451,0.0033881725457198695,0.09894037286607407,0.002986574948331793
0.2654053385699768,0.0016273094283279926,0.09375210982120774,0.0011168238694498072,0.2731232067177127,0.0035796114720072327,0.09850168387048183,0.003141258336414984
0.26377272485749576,0.0014997949853310158,0.09344840454652271,0.0010687039266816555,0.2716299979069482,0.003666397654683348,0.09811361781793224,0.0031989771076362627
0.2622670230564938,0.001575805917519724,0.09314891761317463,0.001078095181508967,0.27024276359389726,0.003654177649459172,0.09779303526292807,0.0033904002332354093
0.2607868666088179,0.0015099169072866619,0.09257947044554682,0.000995827749502692,0.2688774622112122,0.0037695511710786425,0.09753995613352028,0.0033257976688585446
0.2593143368408647,0.001652765866315597,0.09200158588354405,0.001309672360664704,0.2674893378011937,0.0037226582603996743,0.09700003833302936,0.0030377883491100473
0.25797510372949845,0.0016935797369667359,0.09155024391086228,0.0012450835377623352,0.26619748055342696,0.003907473633448009,0.0963082773251904,0.003077838865894142
0.2566409208138949,0.00162104351067805,0.09098923271420721,0.0011519899152458001,0.26491198521496484,0.003939470220607492,0.09607207013774312,0.0032638248014845894
0.255343031351247,0.001663489853479616,0.09058851012586741,0.0010295328510652464,0.26366222223078795,0.004076621507308127,0.09571774796911454,0.003310253656272635
0.25411916282467517,0.0016657809295190424,0.09025949498108612,0.001060102297730733,0.2625159062814456,0.004187173003045559,0.09516095822666311,0.003106453126888048
0.25261539450370124,0.001803421002439863,0.0898587728375595,0.0010439554506579244,0.2611803196153608,0.00410335934760975,0.09478976838637063,0.0032299892430294433
0.25139978692608667,0.0018954693609337517,0.08971113791881546,0.0010138258802562408,0.2600304310256279,0.004228537428240225,0.09465480139127971,0.0032660355978826683
0.2503652932448596,0.001981250784589071,0.08930197971535345,0.0010168928054265496,0.25908377984009384,0.004120033006795534,0.09433421741284337,0.003326043538960525
0.2491974467689107,0.0021171701235476567,0.08896874560649679,0.0010646086501233634,0.25794652505421756,0.004064195553442735,0.0941992418771592,0.0032566447019873406
0.2481421619650847,0.002181361913752862,0.08838664421552193,0.0009781282709488282,0.2569846232452341,0.004207778023325515,0.0936087054039223,0.0035861861892947243
0.24720820723145298,0.002275012723004372,0.08797748672376102,0.0007624545584220645,0.256099890607148,0.004516138366160006,0.09317002210205892,0.003993015100237296
0.2461024483832289,0.002216181057015514,0.08774970572160662,0.0010493912432339792,0.255128375823042,0.004546150402584658,0.09288319054813685,0.003974612275164529
0.24495358006965412,0.002292312142742009,0.08732367326317055,0.0012102957780365917,0.2540734287004473,0.004619920009565831,0.09266384533862462,0.004037653317191866
0.24376964808075624,0.00207165345588895,0.08668673992908815,0.000975795926023704,0.2529567449333413,0.004678709854924988,0.09207329747793007,0.00422049040058405
0.24285612803568674,0.0019818439813627437,0.08652223155603378,0.001143448317373867,0.2521278494384761,0.004883900989458113,0.09209017369018721,0.004148445072976396
0.24194948436419939,0.0019851166434230647,0.08623961540811692,0.0011300536990987823,0.2513067210035028,0.004815309688269291,0.09170211333136644,0.004154917060468718
0.24076582011842515,0.002185569838692535,0.08568703884799506,0.00118685676200213,0.25018740936511763,0.004715882300705594,0.09106095960881577,0.0038827915474988184
0.23969576966555567,0.0025313325816646894,0.08529053184315047,0.0014441580617278074,0.24919043718010245,0.004752233663435206,0.09062229054127448,0.0037377685316619487
0.23886042575070116,0.002313835768757249,0.08486450409973412,0.0012408151844190657,0.2483856795561684,0.004628440816284698,0.09014984627430356,0.003365111174867741
0.23787821634691814,0.0023522918179392327,0.08466203314560125,0.0013607903399046753,0.24747009392593483,0.004678503589413953,0.08979552125881056,0.003379398139933786
0.23679350531559903,0.0022309781371262446,0.08417695191508555,0.001065093978076532,0.24645388979442276,0.004828363551213629,0.08930619793271809,0.003649455330630549
0.23553860851814562,0.0021211564122951753,0.08346830588864909,0.0009393772937663994,0.24530648520875667,0.005011478867056719,0.08886750324339703,0.0037975817240725597
0.23440516083089138,0.002186100240214805,0.0832405261319716,0.0010261890676879703,0.24423224669093863,0.004856086638984122,0.08868190903496691,0.003961585116730669
0.23356212865939924,0.002141535140216287,0.08290307724028348,0.0010491913629482308,0.24340207117513138,0.004950448644294198,0.08809137683202664,0.004143623467091794
0.23274310635782078,0.002265984039717547,0.08266264192581937,0.0011178566606022072,0.2426674592748299,0.004741799342108074,0.08793952935438196,0.003923982565435588
0.23176677622071465,0.002274972746905299,0.0823505016587506,0.0010084153052215834,0.24179101668860778,0.004514367663573903,0.08765268641300222,0.0038026701676872276
0.23087366264527648,0.0022902099290757747,0.08213959526742082,0.0009736766331269978,0.2409914435093335,0.004573663717110353,0.08736586197624119,0.00378055329097468
0.23005203269537083,0.002351057518988,0.08189916146532156,0.0010640773548052673,0.24025809080054494,0.0046762262665606515,0.08704528084466923,0.003550499003601872
0.22940788826402564,0.002187237201865707,0.08173887428040848,0.0010037397337400555,0.23968393710679167,0.004733816684966465,0.08687654861417415,0.003711063992907287
0.22851677916221974,0.001916709160604819,0.08133815409405987,0.0009051073937413278,0.2388353420788501,0.004691817358074644,0.08615102664122766,0.0038965875556999157
0.22766839857752838,0.0019076746531043096,0.08114834083281688,0.0010249751737844619,0.23804492823740028,0.004592013093878502,0.08606665412053519,0.003911674396142925
0.22710921685365681,0.0018928416820689752,0.08087416252408815,0.0010795098302375107,0.23756965287960313,0.004590755801946173,0.08581356502710194,0.0037689184745124163
0.22621114129104844,0.0018366680683921722,0.08048187572879582,0.0010372804088641578,0.23678212682730448,0.004654542701979109,0.0854086241857274,0.004072862527283578
0.22540115404642974,0.0017786352554753973,0.08012755267109628,0.001041827378530392,0.23601546474232596,0.004815559014145229,0.0853411349944531,0.0041562446012191785
0.22426022069498078,0.0015277696950923346,0.07969730462916502,0.001027980511907767,0.23495761737145582,0.004942633173508613,0.08490245880975075,0.004062203782941395
0.22333638226000874,0.0015635233661998348,0.07927127243761686,0.0008731893387659636,0.23409861784588867,0.004871777426323837,0.08459874819670711,0.003956231431491079
0.2226081603645754,0.0015885935996371333,0.07890429515657024,0.0007353237842896697,0.2334098047157132,0.004734729742156595,0.08424444026240062,0.00378792831635749
0.22165179243245858,0.0018506035997544335,0.07865120686423605,0.0007294270145070976,0.23249238760363117,0.004660458266288057,0.08417694964769414,0.003706933974874198
0.22092095996093786,0.0019193366165099087,0.07831797462359474,0.0006079720372848859,0.23181781746310998,0.004837493031373784,0.0837382578052375,0.003812876135573037
0.220155318721489,0.0018904622269171546,0.07803114120189261,0.0006119348738076786,0.2311556699036871,0.0049994089196512504,0.08341767809709774,0.0035972296373199845
0.21931329501886726,0.0020898475336743323,0.07773165382373133,0.0006977864051732568,0.23035939957827276,0.004989475905033568,0.08329957735023853,0.003617581078702868
0.21863470378757133,0.001858910247365445,0.07753340165574858,0.0007446211685030464,0.229729781329282,0.00504411051215462,0.0829283775459206,0.0036077868255011115
0.2177343195450593,0.001833451581766144,0.07712424434191292,0.0006987610715056233,0.22889359665076198,0.004921258975234897,0.08257405822415644,0.0034470008323591525
0.21711374195274727,0.001764312100542459,0.07681210167285298,0.0007809561314358932,0.22833369313785817,0.005021415668704847,0.08223661226778502,0.003408496210888195
0.21658113963885245,0.001792891411658896,0.07679944718261802,0.0007589456713201577,0.2278628359737725,0.004970120113241357,0.08211850440376474,0.003403143583663669
0.21619059868662044,0.001722352623251188,0.07658854185883986,0.0006249701663953712,0.22750755060895042,0.004922397167939313,0.08203413472993669,0.003384931606292333
0.21537608459362928,0.0017915412695044097,0.07632701777345817,0.0006428324313993276,0.22671524175896493,0.004870403087580127,0.08166293492561875,0.003151549984194139
0.2145813102843464,0.0018394073885414353,0.0759389481629885,0.0008914679693440629,0.22599395639337208,0.0049632421419058105,0.08154482848503071,0.003014737255985888
0.2141122469821357,0.0018572744059573544,0.07593472982165159,0.0009023606198496815,0.22559609252130533,0.004994353089261605,0.08147733787032421,0.003141789470257503
0.213539889557667,0.001912634959202634,0.07557618913431619,0.0009711359930469586,0.22509144069503156,0.004941706288247919,0.08139297246679278,0.003007456375042719
0.21264987634134505,0.0018690566894950776,0.07511641270302646,0.0011624139745119082,0.22430128598549154,0.005141919057986567,0.08088679285649408,0.0031056067500076453
0.21200075721746767,0.0017484413215695222,0.07493081520320394,0.0010452198841381219,0.22370041331509785,0.005023101222585725,0.08071807343688889,0.0029923077368451197
0.2115177152417095,0.0018637681078361756,0.07486754275202917,0.001164667608010415,0.2232464940208876,0.004935369487450789,0.08068432812953563,0.0031756193218798667
0.21057771174635803,0.0018287442855849934,0.07435293055223854,0.000984674578322563,0.2223419466925654,0.004894188915560006,0.08012753696365199,0.0029994903453377303
0.21007826221334103,0.0017339033558666302,0.07424747789034947,0.0009112350158447766,0.22190856279692106,0.004914309755555103,0.07984070113943328,0.003088823383037062
0.20956714794964165,0.0017803027570902187,0.07392690120749476,0.0008295369137658245,0.2214633546030355,0.00481092463622391,0.07963822502501719,0.002895712107041729
0.2087467879228638,0.0017026122075639147,0.0734418176639505,0.0008781952410504158,0.22069941047181815,0.0050380144339417674,0.07935138920079847,0.0029600828696125197
0.2080400465421357,0.0016884083667768853,0.07314232939616286,0.0008793715410628447,0.22005182186816402,0.0050069291233006226,0.07899706560873769,0.0028532975643049685
0.2073496825610382,0.0017531941629894212,0.07295251444462977,0.0008340626413186667,0.21943999665031924,0.004904042223624172,0.07882833907197144,0.0027676611290644976
0.20656359842290736,0.001700501852736241,0.0725771006588346,0.0009883340310745834,0.21876903924827493,0.004967459447126214,0.07828842127148053,0.003149442687991843
0.20610216447711563,0.0017091068913681676,0.07231557612863973,0.0010225347289952846,0.21833552047461793,0.0050007375558032375,0.07808595085079326,0.0029987700658890013
0.2055502462543129,0.0018743954272930528,0.07220590619296537,0.0009714354061744789,0.21780837258620078,0.004749727517647035,0.07813656810010702,0.0030076697474413936
0.20500139080555005,0.0018663583678989655,0.07201187103187998,0.0009584313612695232,0.21728707492266,0.004794134479880487,0.07810282706305041,0.00294125944875893
0.20438312772554418,0.0016606552702912618,0.0718094022128504,0.00090209297062904,0.21669324725785755,0.004788913874647034,0.0777991221437356,0.0031510805159418918
0.20373135292838426,0.001485513612704913,0.07143399011734533,0.000734767018066872,0.21610435120788923,0.0047426126752488805,0.0774110617849148,0.002930418910069968
0.20305415769756713,0.0015715803908253067,0.07096155830619427,0.0008328780448476713,0.21546505636626634,0.004751587166432014,0.07710735401873559,0.002714717185676434
0.2022318857966201,0.0017628069468152768,0.07055240045858283,0.0008158545144537624,0.21468552776048572,0.004498879397991736,0.07665177884686077,0.0027024450789758206
0.20171156377408322,0.0017224865074727531,0.07041742109762536,0.0008382911940210277,0.21417757082474537,0.004532224401463511,0.0765336695594083,0.002814788181808155
0.20123167343101372,0.001699090617229791,0.07024025992462614,0.0008162860478249101,0.21374847518266282,0.004604376968680345,0.07656741913705817,0.0027510765495531316
0.20082884452969285,0.0016323127774625094,0.07009684290240584,0.0008489259216322463,0.2133994695455359,0.004661580264479089,0.07653367810000156,0.0028119926611825698
0.20022330694939897,0.0017961898304629013,0.0699407726354275,0.000850513299116925,0.21284661763511042,0.00463100030847119,0.07655055146539427,0.0027928144569745283
0.1999913599983505,0.0017552873261442936,0.06991968155148134,0.0008229391496876646,0.21263685697003343,0.004641796108055406,0.07641556596568466,0.00287544496081616
0.19941171108431072,0.0019629889943937454,0.06967502896323198,0.0010343911056525242,0.21209232534383543,0.004672599874616834,0.0761962278733335,0.002855194354966151
0.19891165004991546,0.001980973900534535,0.06928696033135132,0.0009483427783190739,0.2116616066644812,0.004492761664979011,0.07606124664392051,0.0027105205963696383
0.198538359053412,0.0019621487517441994,0.06923212500766358,0.000906957159790996,0.2112912136609188,0.004543678496632357,0.07580815755048725,0.0026782749594293728
0.19789508104996348,0.001891225676111458,0.06896216486234649,0.0009604886265837221,0.21069632093927554,0.004628110768274095,0.07552131887940414,0.002726439551653427
0.1975466223520706,0.0019512759192977613,0.06883983874614708,0.0010052297888885778,0.21043666488282295,0.004673472917042297,0.07547071017068363,0.0026575306561648438
0.19706646953994558,0.0020952382640029017,0.06859518624686034,0.0010513225168989517,0.21000691120406684,0.004485381148372528,0.07520075625245089,0.002383850673785652
0.19673443746194505,0.002211278393399776,0.06841802471801056,0.0010022207042288287,0.20973741198276832,0.004317869886354723,0.07504891162167063,0.0022253811173449252
0.1962697077171633,0.0021086867221459613,0.06829991756588653,0.0009537309317234254,0.20930416627307472,0.004317099649210069,0.07489704848627166,0.0023003849751973837
0.1956594485286755,0.0022104177415452563,0.06807635712913497,0.0009656027613460424,0.20872640564966316,0.004199623542265869,0.07471144716068048,0.00231211296815475
0.19499828838443883,0.0022355494779538474,0.06779796056803196,0.0010634716015220176,0.20814280717344902,0.004171431420394211,0.0745764645078353,0.002364020993574757
0.19456353333151633,0.0020649435945002083,0.06764188985624044,0.001045742842427565,0.20774803265371097,0.004263999218684604,0.074508975316561,0.0022715660716097932
0.19424517896282062,0.002095598277048768,0.06750690969461925,0.0010792306479211614,0.20745827368582007,0.004259959824221513,0.07430650916617035,0.0021487014099367987
0.19376641231612288,0.002128812373161452,0.06749003659615946,0.0011487211964392743,0.20703693425783903,0.004239043765570323,0.07415465457136464,0.002096061510420861
0.1932047679549387,0.002110057862276291,0.06734240185534068,0.0012090036635656045,0.2065135667319304,0.004331380869837718,0.07410403447518646,0.0022113707072142445
0.1927596448351128,0.002138637027397614,0.06708509628922121,0.0011348857154075084,0.20612842226343125,0.004355609362445367,0.07396904897547683,0.002299426730598529
0.19234674353692646,0.002193261213818485,0.06690793476037142,0.0012122142176511838,0.20576749103868225,0.004261255807787569,0.0737497009191002,0.0022186008522215037
0.19199833597235677,0.002310264232838046,0.06675186395961726,0.0012596745002543906,0.20547064307899202,0.004202298838632606,0.07369908936351528,0.002179445000334771
0.19169235252503547,0.0022860099368384513,0.06670968312616447,0.0012195085222106502,0.2052199696275827,0.004185209030787647,0.07369908794008306,0.0021076749116396344
0.19118256960022353,0.002363407867820782,0.0665029940975826,0.0012867964030192154,0.20478189167977862,0.004098297356569425,0.0735641095575345,0.002071911040214111
0.19071195989858403,0.002464746362107888,0.06634692320786581,0.0013428791411693823,0.20432064079659923,0.004098762672762541,0.0735641109809667,0.002130219969202839
0.19026938575448238,0.0024900267547358556,0.06626677917059609,0.0013161742357580906,0.20395988526304634,0.004050605745332581,0.07334476434802228,0.0022227032517636277
0.18992104833931459,0.002308364523327165,0.0660980556588597,0.0011351699157556216,0.20364769956584175,0.0041049270218721495,0.07310854292625293,0.0023957442245349596
0.1895441647230814,0.00220907642622809,0.06595042189662995,0.000965571563958254,0.20334602180993913,0.004185473441926758,0.07297356027340773,0.00264497722155258
0.1890532438490445,0.0022566751598349912,0.06588714953441782,0.0009219927439403595,0.2029381960849804,0.0041194194697443025,0.07280483800693813,0.002681939947058101
0.18873322238589502,0.0021564097447068003,0.06578169642771556,0.0009684929824707262,0.2026751851943945,0.004203775057649754,0.0728554566796841,0.0025800362655346233
0.18839059111714657,0.002171278849431692,0.06568046121753704,0.0010499692952455827,0.20238487362890326,0.004259029108597859,0.07280484370066695,0.002570993795976838
0.18804251017194878,0.0021257435663140814,0.06549908223697672,0.0010290533331168653,0.20208950334545195,0.004228451108560499,0.07263611574046851,0.002549230129140713
0.18766878188993463,0.002192833300723726,0.06538519182486213,0.0010897744774890676,0.2017550741693363,0.004210934498941039,0.07255175603066591,0.002475671858816896
0.1873373536408533,0.0022194975986359992,0.06530504778759243,0.001120167928940513,0.20142484665636182,0.00420543158630437,0.07243364959007786,0.002497229177567529
0.18704308115441964,0.002056617726265918,0.06520381311118972,0.001000910887035005,0.20114357565044744,0.0042610973964928855,0.07234928276311423,0.0026314506436904317
0.18670548622984223,0.002092102580173427,0.0651152330139846,0.0009981022291735877,0.20088146588418548,0.004233348155218998,0.0723155403026254,0.0025954698511396106
0.18641381703722448,0.002028757803429887,0.06501821578929246,0.0010294828848715226,0.20064860083921993,0.004289730559506511,0.07218056619037343,0.002557624779975171
0.18603909011328182,0.0020927821097206697,0.06492119865356294,0.0010426090789480368,0.2003217656622947,0.004130345547900426,0.07202871159556773,0.0025136666907546994
0.1855071270481896,0.0019748881683333466,0.0646132767278311,0.0008823586413399849,0.1998221673086828,0.004221089185772263,0.07165750182722433,0.0026656424666583814
0.1852497704527273,0.0019585606394753605,0.06449938684949236,0.0008830133690186621,0.1995975044055638,0.004244115929585345,0.07157313927055732,0.0026409684023490374
0.1847712561121483,0.0019453632672272107,0.06427160860517969,0.0008672266353361895,0.1991508233263615,0.004241570535604238,0.07159001121251785,0.00277448141237038
0.18442584062130699,0.001968790630392934,0.06412397395332356,0.0008835752567310066,0.1988368316197566,0.004263214501988696,0.07142128467575161,0.0026984892130574056
0.18407229277587972,0.0018927935848283887,0.06409444636462881,0.0008910830376768806,0.19852499405050977,0.004291216670092235,0.07135380260163837,0.0024175880389667925
0.18361572317608843,0.001925456396996266,0.06379074189060754,0.0008877954105411474,0.19812117847306218,0.004347721108211345,0.07084761729761081,0.0025188078512190203
0.18324003955092522,0.0018586410739275334,0.06354608921339552,0.0010115021545314953,0.19776806336191619,0.00440161135139205,0.07079699862486485,0.002632618256002651
0.18289629589473827,0.001972172998959176,0.06353765315346013,0.0010891515453311587,0.19748987787721112,0.004328073730392102,0.07067889645457341,0.002638162686703603
0.18241033659707298,0.0019395144354897623,0.06336470969905936,0.0011318407011850966,0.1970612655910954,0.004367413173160251,0.07054391522516042,0.002637585855961884
0.18210611715136085,0.0018316305509543018,0.06325925712613292,0.0010560024149696388,0.1967854131980426,0.004354561721874331,0.0704089268785864,0.00288246764825399
0.18169011424783008,0.0019066699016290635,0.06298507774985256,0.0011508376461788076,0.1963975973368794,0.004307696189741989,0.07013897438378588,0.002751279669470936
0.1810770724814371,0.0019147282066400428,0.06277838943297177,0.0011234545380127674,0.19585501582148304,0.00425072270849835,0.0699533744816269,0.002752670735301328
0.18070104280647453,0.0018507473001405236,0.06255060985421955,0.0011269588671154415,0.195554379518164,0.004270605729332204,0.06981839325221392,0.0026633950955320075
0.18049215649575295,0.001750320303214216,0.06247890152103467,0.0011394488797603416,0.1953983506725987,0.004334225919461414,0.06975090263750743,0.0027500529164172986
0.18025232130770225,0.0017521699831863705,0.06246624738665026,0.0011133036428133604,0.1952155370474173,0.004356071068519853,0.06973403496584354,0.0027258447138068134
0.1798839411212828,0.0017389879270608738,0.06237344948188406,0.0011160054794220455,0.19489843508792565,0.004373462994995257,0.0696327990437838,0.002818256325267304
0.17948555646133482,0.0018842219354076877,0.06221316069564352,0.0011251224394199185,0.19454364256781803,0.00428533816570469,0.06954843364025236,0.00275328591047684
0.17915832710877355,0.0018709210823244177,0.06207396308231179,0.001060519499326849,0.1942824333357827,0.004306641620875242,0.0693628323146612,0.0027198068234894957
0.17885942870035837,0.0018593214421380544,0.06187992836603958,0.0011773204367079182,0.19403289828920428,0.004371034763398727,0.06936283516152561,0.002856685102244649
0.1786110234704766,0.0017524207879035952,0.061681677176645834,0.0010676467163479475,0.1938203330786457,0.004408129134494356,0.06926159069887262,0.003022837567593817
0.17831934246142409,0.0016539795556828147,0.061555134320436945,0.00098744857051388,0.193583990364619,0.00449268325489397,0.06921097771985547,0.0029348361787695353
0.17799625584289824,0.0016823378994750614,0.06135266247667772,0.0010157127284987967,0.19334445561261865,0.004486629586026873,0.06902538635828977,0.0028407449886811704
0.17759890315736734,0.00182135854786333,0.061091137857520204,0.0010640606857780447,0.19297310036278592,0.004315623387362826,0.06887353603378067,0.0026544115047939603
0.1772647915517945,0.0018435711990249448,0.06090975754252033,0.0011419610959433188,0.19266830782912753,0.00431382711320272,0.06878917490054585,0.0026204471593436287
0.17694390930319423,0.001787609315716766,0.06088023039863877,0.0011782658197095983,0.19242469947312185,0.00440914810024879,0.06877230438201756,0.002584288052851744
0.17667645629725512,0.0016988479155574461,0.06079165039039629,0.001152191623434557,0.19219005455502539,0.004460650909713422,0.06872168428583936,0.002667810074107786
0.1763102545407686,0.0017923891442431913,0.06068619719473141,0.0011295010163700355,0.19187922208755065,0.004406053879520048,0.06865419794142949,0.0027305490699957766
0.175960485342161,0.0016877876852481473,0.06053012648293987,0.001124167666776122,0.19156454445588494,0.004504781059043341,0.06840110315426742,0.0028761132006388307
0.17560806925930827,0.0016399538138155447,0.0604120189749653,0.0011308467555008674,0.19122815103400487,0.004558101466278841,0.06826612477171884,0.0027810463488168813
0.17516134986015947,0.001788748578875891,0.060302348060701935,0.001182612862839779,0.19082275339983507,0.004417182963664972,0.06813113784857701,0.0028181006542552776
0.1749051043893528,0.0017993504009860043,0.06023485771300343,0.0011435569663829108,0.19059922053456016,0.004400176520999058,0.06801303140798895,0.0028134847322200856
0.1745111938934653,0.0017889757686239093,0.06010831236584073,0.001189090725260168,0.19022294939686274,0.004397692019083548,0.06786118393034428,0.0026463455700017147
0.17407449600969618,0.0017656591455196306,0.05995646044019931,0.0011706089119646306,0.18982796582450437,0.004448745890639367,0.06774307891318844,0.002616883468449258
0.17352969808172108,0.0017064879226913188,0.05966540947782397,0.0011854504942468338,0.18932913739645363,0.004545165196571475,0.06755747474073286,0.002620728049168014
0.17314067515793727,0.0018500049809500518,0.059471375117402324,0.001236729269784116,0.18900049723543427,0.0044084037105721835,0.06740561729906272,0.0026559957248167214
0.17282191459754284,0.001788252516587669,0.059349049712904,0.001180027542129462,0.18873181427564167,0.004484929465835387,0.06743935975955155,0.0026525043296867896
0.1725427097494306,0.001681619624025127,0.05915923493929619,0.0010352714172832103,0.18849023817040078,0.004614774856985105,0.06716939587729337,0.0029141760519725297
0.17228799665633893,0.001568533036627116,0.05908752696196186,0.0010231473077458519,0.18827711840071523,0.004718585992603565,0.06708503616749076,0.003041871668375178
0.17205986594000394,0.0015738724348220705,0.059015818895664894,0.0010216579650708774,0.18808305997014382,0.00470538709853614,0.0670344160713126,0.0029999844378690867
0.1717216701769731,0.0014783506577229467,0.05888505671953009,0.0009844490386312574,0.1878088628469508,0.004763908679753526,0.0668150737086648,0.0030821046908763375
0.17127988205003497,0.0014608239298818763,0.05866571462411545,0.000978284577725708,0.18741044778968607,0.0048289400726137,0.0667475845173905,0.003121321688852784
0.17087882661137663,0.0015474901003243436,0.058534952092130096,0.0010213192500529251,0.1870480791747667,0.004819352692591263,0.06656199173239258,0.003078073809690893
0.17063522753923754,0.0015737245203362963,0.058492770813864135,0.0009794329434498865,0.18683016716686743,0.004864367760159906,0.0665788622509209,0.0030475378714104437
0.1702460199324801,0.0015113441173591942,0.058273428095711045,0.0009662991855910284,0.1865240892115928,0.004925126195425808,0.06644388671523674,0.0029135380375682396
0.1698739373628195,0.0014969757821552611,0.05810892070124567,0.0010513239876314235,0.1862329048490383,0.004993300019568823,0.06620767668092505,0.0029509380870873796
0.16946093187947248,0.0014407796258982405,0.05782630588776836,0.0011150472447008163,0.18587257120833472,0.005095945463734274,0.06597146237631672,0.0029070218731135754
0.1692504905579592,0.001512105886893467,0.05773350700441313,0.0011470728118855725,0.18569855910363683,0.005038615781489644,0.06600520626023777,0.0029726538522835636
0.16882880765461616,0.0015272273278748355,0.0575563448528249,0.001273916125868787,0.1852618431536562,0.005009987831477333,0.0657858681678866,0.0028772697147200358
0.1684454112445702,0.0015188633135183344,0.057341220831859274,0.001285646913267343,0.18490831172782168,0.00502803764718786,0.06556652295837438,0.002848872126119451
0.16807312054292387,0.0014609741390314305,0.05721467717498667,0.001226443090769056,0.18458351603123965,0.005126744022917794,0.06526281803905958,0.002856471334115175
0.1678152469204318,0.0014384415739076904,0.05718093204561875,0.0012265827822018167,0.18436334852837222,0.005102135261849503,0.06517845121209594,0.0028653265239469644
0.16743217512313266,0.001415312004993166,0.056999552442319946,0.0013201432368263137,0.18402579782380163,0.005122171031400314,0.06521219651944918,0.0027828704436180154
0.16716225460930603,0.0013478182126642267,0.056881444578494825,0.0013304960221801124,0.18379194824968206,0.005117265931243771,0.06502659946415464,0.0028508159508880016
0.1668599979510146,0.0014095165994752557,0.056712719109580444,0.001363374015423773,0.18354967475066475,0.005033276057211787,0.06489161965817386,0.0027465662910947843
0.16653736644568867,0.0014525857463849857,0.056543993462740784,0.0014844378727066551,0.1832885917415625,0.005061297583619579,0.06477351464101802,0.00275748362144726
0.16626927836771557,0.0014060845416835467,0.056468067677845346,0.001424429653336229,0.1830657729969484,0.005123985994888164,0.0646722844126871,0.00263576091900693
0.16600603202591824,0.0013942102774757064,0.056387923907463534,0.0013073495744337033,0.18284217875663486,0.005120119359101813,0.0646047909511162,0.00267418098621767
0.1657525665449571,0.0013065206941498065,0.05622763565499882,0.0012975005089910726,0.18263584843088126,0.005154409869985659,0.06453730175984192,0.002656904705729831
0.16532746726979156,0.0013564508660287111,0.056160145307300326,0.0012855983283790364,0.18226493129010365,0.00502293167151908,0.06448668735739255,0.002598811737038441
0.16503481593258668,0.001434842675153812,0.05597876623777735,0.0012672183954104193,0.1820199522641998,0.004981365973452168,0.06440232480072552,0.002584527850295639
0.16471034436983728,0.0014981283284717793,0.05580582287233923,0.0012317991093025267,0.1817281299891555,0.004882899019196018,0.06426734784160917,0.002463821883696593
0.1642696237254591,0.0015130878596816822,0.05552320805886192,0.0011780072827643874,0.1813793237286741,0.004853131688834783,0.06409862984543618,0.002233077205799008
0.16402299585050145,0.0015667514562835033,0.055375573318043145,0.0012335532083070698,0.1811826574561753,0.004789032211414302,0.0640311406541619,0.0022663899693080285
0.16372001154065502,0.0015498532260637746,0.0553376101142262,0.0012575360627505722,0.18090495047907196,0.004830933979826687,0.06392989903837333,0.0023642183364391564
0.16326791290481718,0.0015229168202084008,0.05505077900555261,0.0011825032682490117,0.18047122653486852,0.004772900664885033,0.06369368473376501,0.0023897567329810676
0.1630251037117959,0.001527428265484116,0.054877835195301296,0.0011966564091800238,0.18027473759892215,0.0047563065817416116,0.06357557971660917,0.002302839841548664
0.16270555075373963,0.001526285517113714,0.054628966489780925,0.0012223214540664467,0.18000791338150468,0.004718646701701253,0.06342372369837124,0.002299528873268216
0.16246244935263407,0.0015224122761873609,0.05454882218562329,0.0012129913357348777,0.1798396166194362,0.004730692230437769,0.06330561298748658,0.002349175997190045
0.1622349289798491,0.0014534032035508535,0.054405405252365625,0.0011813831862665142,0.17964942891114435,0.004754967405168841,0.06320437706542681,0.0023809354593640245
0.16194477599266946,0.0015403631352224874,0.0542155892332809,0.0012243424036300291,0.1794039876270614,0.004665765468969061,0.06310314683709592,0.0023471077299025396
0.16165466096323441,0.001553260928463387,0.054135444573272726,0.0012502034682423597,0.1791709529876667,0.004692765869731003,0.06301878285699669,0.0023385566539549877
0.16135863779876272,0.0016639967268712082,0.05402155487285924,0.0013137062209951146,0.17890443834399905,0.00463956873351828,0.0628500648608237,0.0022957587319763304
0.16107258512890782,0.0015927601192103546,0.05384017624814945,0.0012249294911708208,0.17864765173106364,0.004672931310917471,0.06274883036219617,0.002288572513103738
0.16086335987062247,0.0015515238442863825,0.05377690468660107,0.0012000732221314242,0.17849469255189354,0.004713285737817457,0.06261384770935098,0.002381169982028678
0.16061783856757422,0.0015919708423093324,0.05377268616733888,0.0012302338453861368,0.1783135798031026,0.004695506066240212,0.062495745539059545,0.0022799210949599057
0.16033258302598252,0.0016254320824159543,0.053553341669933044,0.0013503211404406103,0.1780949717806088,0.004709115412141349,0.06242825492435304,0.0022189100731549185
0.16016777647638983,0.0016194616957933654,0.05351537873300401,0.0013654770103405174,0.17798419517306432,0.0047116836279795645,0.06241138298239253,0.0022172574339493416
0.15982740861622866,0.0016071476810510905,0.053380399194121284,0.0013446490210813804,0.17768969162371231,0.004713443268592476,0.062327019002293295,0.002173766455898976
0.15952227759535334,0.0014975698640148376,0.05325807298895924,0.001331624813198483,0.17741147365825055,0.004772291907478653,0.06210768518023875,0.0021129279993249528
0.15936221285739546,0.0015124416050327912,0.05317792930754005,0.0013219464319728876,0.1773012019076639,0.004738823968875557,0.062073937026021084,0.0021726329828755985
0.15910502953717653,0.001538271255210563,0.05302607747086128,0.001310068093079022,0.17710248992574712,0.00473987087967732,0.06188833570042993,0.0021837692858464822
0.1588645407517149,0.0015777622665296208,0.052916405044233096,0.001346565117856269,0.17690993315739617,0.004744150687440515,0.061871462335037195,0.002269407762283271
0.15858242860037022,0.001550237343023814,0.05288266080449152,0.0013328246463309523,0.1766610186881135,0.004757751290600888,0.061736482529056426,0.0022140418074066168
0.15822318080656364,0.0015358317445898603,0.05270549891979119,0.0012975892534383567,0.17632814355509158,0.004697140865536795,0.06170273579827096,0.0022186202982492982
0.15804441022837548,0.0015613752900554897,0.05261270021436125,0.0013006488821489125,0.17617422059296342,0.004676816018565549,0.06160149987621122,0.0021952491616700326
0.15766025586017163,0.0016052775539326185,0.052418666209790146,0.0012752249384185366,0.17579169941007353,0.004628303840327527,0.06128091732120705,0.0022503195181992623
0.15741940606804636,0.0016781274804233144,0.05227946761786941,0.0013071661009601992,0.17559192257518874,0.004527589157799277,0.06136527845444186,0.002256600341979508
0.1571359874547634,0.0017198728873234813,0.0521951053282254,0.0013107109763159288,0.17535909757819695,0.004487110023919422,0.06128091447434264,0.0023040063354250995
0.15681868933274776,0.0016911254512949326,0.052081215716774557,0.0013058913520632483,0.17510601291253203,0.0045176901716366845,0.06133153314708861,0.0023055233718536684
0.15661987115495069,0.0017021215812727866,0.05205168883978093,0.0012837964677180735,0.17494121124120926,0.004502657053301243,0.06126404680267874,0.0022382058609632847
0.1563703180732992,0.0017262618962276281,0.05192936272358151,0.0012758132390729572,0.17474539952772764,0.004522841201126717,0.0610953174190481,0.00220540142242186
0.15609901915726698,0.0017627966332452662,0.05179860072537198,0.00128440359959758,0.17452123193758065,0.0045837481598522915,0.06104469732286992,0.0023285303644373554
0.1558858820046845,0.0017653018262235864,0.051693147529707086,0.0013141209938615083,0.17434632309699696,0.004558881808647703,0.06094346567110679,0.0023674262968996157
0.1556701347273811,0.0018288581727809402,0.05161300304762417,0.0013286212434443477,0.17415063847204199,0.004492636214165115,0.06085910596130419,0.0022904960078778975
0.15535633934815135,0.0018313774618209395,0.051478022619115084,0.001314269287781783,0.17389402303938284,0.0045035420816622726,0.06075786861581225,0.0023352408394123453
0.15517039472008542,0.0018492556405101084,0.051431623711213306,0.0012607531965974467,0.1737391029101951,0.0044624792946044494,0.06067350605914523,0.002270963821134788
0.15499158841730987,0.0017829377771747506,0.05134304325815764,0.00122250195071596,0.1736022403724898,0.004465966484490851,0.06065663838748133,0.002214355115803606
0.15468794528730684,0.0017284262863175369,0.05125868105747626,0.0012015253217034824,0.1733473950158981,0.004456320422490261,0.06053852625316445,0.0022635695806339775
0.15451961924160035,0.0017703539213850116,0.05114057354950169,0.0011681013539458994,0.17319641664443086,0.004414913598233508,0.06052165146433952,0.0023206479639314177
0.1543908572257887,0.0017648477605059871,0.051106828775984305,0.0011721421937674848,0.1730976308896368,0.0044515122475521,0.0605047809458112,0.0023291497956529354
0.1541014942269912,0.0017688065757288263,0.050917013557563305,0.001138439593240749,0.17286345609475667,0.004418025642162847,0.06028544143002782,0.002306021291973189
0.15385651270439196,0.001809197767361919,0.05081577914804851,0.0011009852728371956,0.17265326785442664,0.004389500521403636,0.0601504559303182,0.002377253387929937
0.15374716676633854,0.0018251287003814784,0.05078203392971794,0.0010936634474179975,0.1725818840482284,0.004382406612938685,0.060099837257572244,0.002349274561234493
0.15356910846627306,0.0017681640634201292,0.05075672566094913,0.001036058549968684,0.172438376306495,0.0043929379649074295,0.06013357971806106,0.002368997129001478
0.15321825448965615,0.001768171741282984,0.050638617886086645,0.0010379707985354685,0.17213260112970497,0.00437660920705908,0.060032345219433535,0.0023516461936480128
0.15295342679790994,0.001790176531787866,0.05050363790239074,0.0010408521199478903,0.17188633006053855,0.004327968864783264,0.059846748164139,0.0023691507494417482
0.152704133068906,0.0018469946219203711,0.050402402336361674,0.0010745406360183317,0.1717066581337378,0.004287781967282198,0.05984674958757119,0.0023200096202939083
0.152478234281326,0.0018093824802077193,0.05030116579174361,0.0011910651081719376,0.17156583125072083,0.004362836477798741,0.059745516512375876,0.0023211681307881726
0.15215225845013428,0.001767644333297131,0.050216804391725954,0.0011067957216715036,0.17127771695137542,0.004362121326051883,0.05955991945708132,0.002246138366469423
0.15187268184159033,0.0017847735624713411,0.050132441212455595,0.0011237584921703263,0.1710313319391309,0.0043642630465441585,0.05940807055600443,0.002175021737295608
0.15165843666080553,0.0018063448025704813,0.05004386040354938,0.0011601655756001655,0.17087750487805153,0.004354087455100563,0.05930683321051248,0.0022745188294680716
0.1513777807268054,0.0017690407313917353,0.04998902552467483,0.001114840056842682,0.17062481784781722,0.004374198995346807,0.059256217384630924,0.002286178889002243
0.15105585480474115,0.001785460372058937,0.04990466234540446,0.0011347435595185807,0.17034503735443735,0.0043110375673037086,0.05915498288600339,0.002304055072967891
0.1508493484792782,0.0017800112863926526,0.04978233676298087,0.001064793637031684,0.17017175703800844,0.004293763753667675,0.059036872175118715,0.0023643516000804634
0.15057415282167091,0.0017568118486958836,0.049710628162908076,0.0010662265180173154,0.16994432437359203,0.004353749761644075,0.05891876573453066,0.0023830887440054794
0.1503611739252567,0.0018113001000019807,0.04964735615654651,0.0011046623790449894,0.1697601041965737,0.004302000468194332,0.0589356419467878,0.002403406966485273
0.15004108053997833,0.001745488889667643,0.049499722038466185,0.0010815663574269539,0.1695119228961029,0.00436593575422423,0.05881753835306417,0.002396853888373622
0.14983764197013266,0.001750374303531521,0.04941535957089691,0.0010855943564257221,0.1693411980233183,0.004369640248875258,0.05881753835306417,0.0023549121513207634
0.1496320135198253,0.0017826890634531497,0.049347868956310506,0.0011560836813355995,0.1691810038242127,0.004399434943750619,0.05869943475934053,0.0023245946570513818
0.14948407884319118,0.0017651008919538067,0.04930568821182036,0.0010963894387664922,0.16907117315075823,0.00443823382181455,0.058665688028555076,0.002314858977905546
0.14922105328877341,0.0017536298972980905,0.04923398005656075,0.0010589286419406647,0.16884943647391215,0.00440114807599662,0.058682559970515594,0.0023130067398974734
0.14892349936609256,0.0017398196075008355,0.04911165474102507,0.0010200061497943832,0.16858498554510373,0.0043365961414856815,0.05848008243266728,0.0023359618854648183
0.1487901865626303,0.0017368863145043867,0.04908212759714352,0.0010088388617106776,0.16849340101097904,0.0043666939551375095,0.05848008100923506,0.0024097115218325296
0.14858731962105193,0.0016993414721755934,0.0489851111731151,0.0009756200183460935,0.16831492497207692,0.004463204097182771,0.058361974568647015,0.0023937462819925972
0.14843048552153276,0.001669299151014054,0.048938711464549575,0.001020006265162406,0.16819311285263688,0.00444085543307961,0.05841259324139299,0.0023777836115532686
0.1481740712804784,0.0016982470348922616,0.048807949021526874,0.001103425114210072,0.16797577594440188,0.004457027737822135,0.05822699476266624,0.00227859671890395
0.14799438753244615,0.0017083059043255257,0.04873202252493034,0.0011208711236765506,0.16780940171295713,0.004414472614515756,0.05815950130109533,0.0022376495308792494
0.14773599063771625,0.0017714870423689024,0.04857595243587727,0.0011027206772596706,0.16756867735221573,0.004293354651513946,0.05804139059021065,0.00220965704619101
0.14761051502956407,0.0017763231287675038,0.04854220757339725,0.0010957837222625682,0.16747186730801977,0.004282913634960783,0.057957030880408045,0.002111564762232534
0.14741256531844715,0.0018594861276416213,0.04851689903774053,0.0010705806609769006,0.16731376434563808,0.004193158305215145,0.05792328984335143,0.002002066707016134
0.1470792030288905,0.0018507048343426825,0.048398791173915406,0.0010739527910037742,0.1670478270320673,0.004222414183087879,0.05772082084609635,0.001977633143404753
0.1468178456260288,0.0018578345005064113,0.048272247428080166,0.00110627461375162,0.1668237039865969,0.004222902449410432,0.057653331654822074,0.002009928662965477
0.14666692874968107,0.0018570324325437506,0.04821741183750453,0.0011181964459333609,0.16669994462286447,0.004236331251111523,0.05753522663766623,0.001939655161402311
0.1464978423857734,0.0018385005360268094,0.048171012840640105,0.0010458287509396507,0.16660097869056106,0.004222356066802598,0.05741711735021375,0.0020373966349122347
0.14628604251780747,0.0019159864672938058,0.04805712367400245,0.0010748391440757725,0.1664457313741158,0.004160194241793256,0.05743399071560649,0.002009136597979907
0.1459878502504411,0.0018308580450582582,0.04793479764676567,0.0010569470395586466,0.16618683879088117,0.004241840452165599,0.057299010909625706,0.002028180638423413
0.145774175900481,0.001861973758307745,0.04780403555959352,0.001085281060323464,0.16600836776641997,0.004263805413463867,0.0572146497763909,0.0020387232829632966
0.14555893499428252,0.0019284060881579724,0.04770701886867719,0.001123269771156164,0.16582407569938346,0.004189331770975156,0.05714715916168441,0.001990812333999415
0.14528970491933624,0.001933778192032027,0.04763952825409078,0.0011553703369193721,0.16561106528041916,0.004179523766195161,0.057096544759235056,0.0019626788207115016
0.1451502315458107,0.0019544667876715384,0.04755938377200787,0.0011600258875373794,0.1654990477431672,0.004167644274810682,0.05704592608648908,0.0020436559732030734
0.14494904436393186,0.0018872141224319193,0.04750454791454432,0.001178703473637861,0.16534301970172816,0.00425012468265303,0.05701217935570363,0.002124888787090126
0.14472230593491303,0.0018381310259573626,0.04740753113466536,0.001107563923628643,0.16515744176780137,0.004283706903825844,0.05689407291511557,0.0022155632179785174
0.1445760460413607,0.0018140243049686942,0.047331604993919384,0.0011082941503566437,0.16503371176999027,0.004342698682937241,0.05689407433854778,0.0021668788519496906
0.14437381755860684,0.0018506090499173257,0.0472388061995268,0.0010610512198222734,0.16488091726203574,0.004304248727628721,0.0568265865707057,0.0021852514748805217
0.144213199094386,0.0018879748864741846,0.047167098311155106,0.0010700144285663259,0.1647466051472812,0.004242735090620947,0.056742219743742064,0.002142378456288438
0.14395997031352786,0.0018236546460101372,0.0470068096138772,0.0010514708939103443,0.16453302674382542,0.004264050408448409,0.056657852916778426,0.00231288844399576
0.1438117761601294,0.0018620643937036926,0.0469688464990229,0.0010632184457982018,0.1644116011408237,0.004203021649021017,0.05653974078246153,0.0022464564340644437
0.14352552614271158,0.0018261942560477726,0.04681699475130675,0.0010674660565511346,0.16416085194922264,0.004268423260839869,0.056286648842163875,0.0023113190505099045
0.14329518421317705,0.0017907075115590047,0.04675372363457154,0.0010529862618620372,0.1639528929366841,0.004296078149669647,0.05625290638167504,0.002248314967643928
0.14306961526298234,0.0017795863802684457,0.04666514380425433,0.0010832739762729714,0.1637737051626056,0.004339579485699821,0.05616854240157583,0.002302698050078596
0.1428391456613401,0.0017652553224777074,0.046648271506458276,0.001086711113209926,0.1635647015716106,0.0043502349721881,0.05611791518823659,0.002423550493658588
0.14270526369577646,0.0017832968953149966,0.04659343556003209,0.0010738519711154981,0.1634775659622831,0.004312783009965791,0.056067297938922823,0.002395912454603384
0.14258216326188666,0.0018095529837309065,0.04655969051962681,0.001075193746140481,0.1634057083269093,0.004318328490244615,0.05615166476588647,0.0024506424572573685
0.14245929646130046,0.001830961207952455,0.046517509152398204,0.0011125208589933381,0.16329980622647042,0.004316239894939137,0.05621915538059297,0.002466291114571386
0.142291480615225,0.0018153859343185835,0.046399401822348904,0.0010780428919802845,0.16319862757550535,0.004299658406833934,0.05625289641764959,0.00245161160372217
0.1420944909486522,0.0018380409710124766,0.046344565964885356,0.001069135774112651,0.16304962647150414,0.004317627325678976,0.0562528978410818,0.0025338792318797846
0.14192569821921058,0.001829418293272725,0.046298166256319835,0.0010586521756820039,0.16292787107949855,0.00430690096649816,0.056168532437550364,0.0025061331706504263
0.14175388102618844,0.001825632983012581,0.04623911276922045,0.0010636272841602111,0.16281638667685222,0.004276520334994907,0.05610104182284388,0.0025240119491526354
0.14156366112463753,0.0018718662652787606,0.04620536772881516,0.0010469184933551852,0.16264477228950963,0.004260883921342777,0.05603355405500179,0.0024804839956432336
0.14140882307740052,0.001848095275989097,0.04618849569790702,0.0010352853710683572,0.16253586484782714,0.004280401395769438,0.05596606201686309,0.0024971393167527093
0.14115642922431496,0.0017883851351195499,0.04610835121582411,0.0010666377250271683,0.16234094583041786,0.004310503257004653,0.056033551208137376,0.0025500266657308133
0.14095168963848922,0.0018087038487443327,0.04607882433883046,0.0010792415237105984,0.16217717021949127,0.004280041736677778,0.055898569978724374,0.0026107972527591
0.1407455438482378,0.0018765242277777967,0.045994461604373274,0.001161574536669818,0.16200568179049246,0.004287894623197577,0.055797335480096855,0.002467293190854186
0.14057875208702908,0.001858669794479244,0.0459311895980117,0.0010942104627889747,0.16189048745544704,0.004290716908256628,0.05572984628882256,0.0024458666181844993
0.1403630247515543,0.0018331259857711666,0.04584260905599341,0.001119391801784478,0.16170256588848758,0.004281381100638055,0.05562861463705945,0.0023756860302550664
0.14022960826342143,0.0017894022712268433,0.045808864816251835,0.0010833508094760915,0.1615948079172727,0.004297276751532649,0.05559486790627399,0.0024513823403468685
0.14002170267764666,0.0017373204327955883,0.04570341153162429,0.0011144352048779215,0.16142271528944735,0.004372615846573586,0.05547675861882153,0.0025316748555194017
0.13986605512280234,0.0017565948715744962,0.045648575852086024,0.001177442156772148,0.16131424514756118,0.004367585121444151,0.05534178165970516,0.002439788295442433
0.1396008442575782,0.0017549610360822526,0.04549250665265932,0.0011303482685846996,0.1610878278660038,0.004334612105075423,0.055240545737645405,0.002435331422185325
0.13944164785606486,0.0017964257292127678,0.045458761790179304,0.001166804800572016,0.1609547767339384,0.004293687951667205,0.05525741625617373,0.00248711413418973
0.13922455883293464,0.0017927178126846998,0.04530269054461196,0.0012101545768032603,0.16078150415124343,0.004281581751608519,0.05508869398970412,0.002398603672691551
0.13894386848478102,0.0018426971247205329,0.045277381475179415,0.0011634736446271652,0.1605394564936887,0.004192699677756046,0.054919968876370094,0.002439791380074711
0.13875180145250512,0.0018640976888077232,0.04516771073884132,0.0011817950309644628,0.1603821362574318,0.004160447635884572,0.054970584702251656,0.0024777349007160054
0.1386558235406881,0.0018307473087213145,0.04510443864351711,0.0011579088544067793,0.16031571712721338,0.004190742972419677,0.05490309124068075,0.002562836374541673
0.1383995276561854,0.0017885638041240666,0.04495680497024999,0.0011073577933493296,0.16010753764046798,0.004209945115704018,0.05497058327881944,0.002567982233648562
0.13829229275875526,0.0017842830733755769,0.04492305992984469,0.0011087539360192067,0.16003177443746625,0.004209552533257532,0.055004327162740486,0.0025709434351313507
0.13815709225701908,0.0017859237984064198,0.044923059662956774,0.0011153030307112786,0.1599468460446758,0.0042051502027216575,0.055038071046661516,0.002572912116817157
0.13793729695681328,0.001754248768325677,0.0448935326970005,0.0010882193639959097,0.1597584346788821,0.004244257664747795,0.05510556450823243,0.0025861175315046747
0.13775081046864807,0.001707557847892902,0.04480495179913165,0.0010281833734156283,0.15960411211691733,0.0042573111552980415,0.055021201951565415,0.002572317014661962
0.13765496123245385,0.0017227109238206887,0.044762770342940426,0.0010413300406677452,0.15953044578962214,0.004247283937101348,0.05498746091450879,0.002617381731816815
0.13748203558553468,0.0017026443406957727,0.04467840725263269,0.0010549720635556652,0.1594131155339588,0.004291955983885916,0.054852483955392425,0.0026109097337895884
0.1372419503978947,0.0016689258414743146,0.04449702782725917,0.0010687821638564806,0.1592310147178168,0.004303796200934364,0.05459939059166256,0.002739043507505735
0.13713080738512784,0.0016791291007670064,0.044471719202639814,0.0011132445627285521,0.15915969414758413,0.004289742437546738,0.05451502803499554,0.002655131240185456
0.13699484408702484,0.0017012549756346008,0.04444641013320727,0.0011024718886101126,0.15905504169623916,0.0042822411967895465,0.05438004822901475,0.002615826549956173
0.13689402797323497,0.0016529964159133353,0.044391574987444817,0.0010425033129400944,0.15899501247005396,0.004319693474292636,0.05443066405489631,0.0026567164955085343
0.13674254926291168,0.0016113452309974644,0.04432408499559686,0.0009566374731696093,0.15887481108766915,0.004318518406708822,0.05439691732411086,0.002655076744606237
0.13658065464593122,0.0015969703568038736,0.04425237612863617,0.0010085576753902854,0.15877020634891575,0.004320037682672566,0.05426194036499449,0.0025762420986617522
0.13647864326737255,0.0016181443735323168,0.04418066815130183,0.0010575648646691438,0.158709962342926,0.004312751965873212,0.054295685672347736,0.0025480233819925487
0.13628967769594152,0.0015938094004885636,0.04413426862066159,0.00107699777971656,0.15856391297762795,0.004335109877032477,0.05427881373038722,0.0025457997961858096
0.13612088452396898,0.0015746430953184993,0.04407943303008595,0.0011123057943513337,0.15843159690694275,0.004382709290565503,0.0541944511737202,0.0025458016233268176
0.1360328541825578,0.001585680793752378,0.044028815513959325,0.001133429870943266,0.1583857252859487,0.004375377195891662,0.05422819790450566,0.0025074097225595724
0.13595085310373436,0.0015473189092362364,0.04402881560292196,0.0011227872649412745,0.15833829760464163,0.0043920532256668775,0.054211325962545145,0.002532949047497927
0.13576632651634107,0.0015642297588980044,0.0439908521322171,0.0010947576106407012,0.15819145118276307,0.004396445994267491,0.0540932209453893,0.0024610723962581594
0.1355738450354961,0.0016286813772308244,0.043910707917022104,0.0011344817093141522,0.15804502393125808,0.004350660563034558,0.05405947563803605,0.0024488887475373434
0.13533881818633328,0.0016724107252869028,0.04382634491567701,0.0011554440076966582,0.15784123504682773,0.004311549616726328,0.053991986446761765,0.002401128617797944
0.1351436661426484,0.0017111903012920298,0.04373354594335915,0.0010920732781023513,0.15768084778083793,0.004260663128641187,0.05395823971597631,0.0023680123499991708
0.1349489867935226,0.001687612407078217,0.043623874851170516,0.001016914366312634,0.1575236399381082,0.004288676536189606,0.05387387715930929,0.0024449161061363333
0.13478934608054152,0.0017212846169734786,0.04359434824106478,0.0009985102611274777,0.15740073562211584,0.004258977817788656,0.0538232556396989,0.002447969828605239
0.1345957331908409,0.0016492497915506722,0.04350155024733592,0.0010020677877815949,0.1572408995027461,0.0043090365863580815,0.05375576217812798,0.0025651173958711614
0.13443160491539857,0.001652189990132483,0.043497331994961634,0.0010336146537724452,0.1571120536231987,0.004273874055015536,0.05375576502499241,0.002498835648861663
0.13427609182077593,0.001667110675190248,0.043463586954556335,0.0010519394321435865,0.15697325162545045,0.004275047608840375,0.053722021141071365,0.0024575071297988447
0.13412507349859867,0.0016749816800726086,0.04339609705167102,0.001004018473726615,0.15684245207215836,0.0043121260927263105,0.05370515204597527,0.002457127900628607
0.13396458851513807,0.0017108464009137926,0.0432906440339314,0.0010446709198267548,0.15671048047479888,0.004240264175129478,0.05368828010401475,0.0024361975417865733
0.1338088044343937,0.0016599511146346822,0.043202063580875735,0.0009756362224336615,0.15658679006906814,0.004287197192675556,0.05355330172146616,0.0025374393199771505
0.13364423800778777,0.0016360822128953095,0.04311770164708228,0.0010353829871373387,0.1564568069417307,0.004271356055020249,0.05348581110675967,0.0025606646497503185
0.13344275920948062,0.0016193695883419661,0.04302068451135277,0.0009690492138643634,0.15631868504551505,0.004319208002048886,0.05351955356724851,0.0026278805339261077
0.133321554134971,0.0016250221011823588,0.042991157278508586,0.0009526653520110475,0.1562469164076304,0.004321054477661845,0.05341831764518876,0.0026342460668583537
0.13310306597901272,0.0015958854152977688,0.042885703993881044,0.0009048641781600848,0.15605026941263303,0.004313623669578779,0.053418319068620976,0.0026228987921014294
0.13288095834277458,0.001525753737121054,0.04285195895347575,0.0008949570682519719,0.1558737682844364,0.004378728806940501,0.053333957935386166,0.0025934560287589107
0.13274548751852755,0.001529383930766042,0.04277603218999131,0.0009134321618004552,0.15578865261231217,0.004355030982041389,0.05335082845391449,0.0026424601444666935
0.13254513535599005,0.0015093448206709053,0.04270010658302115,0.0009026101395366023,0.1556347557621245,0.004370657847369836,0.053249593955286945,0.002664365324312026
0.1323764023537844,0.0015713516137585942,0.04265792574956837,0.0008869217675516223,0.1554893596198569,0.004315764138543749,0.0530808659950885,0.002543494393366036
0.13227779443561882,0.0015528553331584046,0.04264948942274508,0.0008967730985328057,0.15541223773778298,0.0043138760020309756,0.05309773936048123,0.0025514411591254435
0.13213010835042352,0.0015104880447396813,0.04258199934193448,0.0008666636212693072,0.15530045527417605,0.004333275494955567,0.053063994053127984,0.0026035746172009696
0.1320166519282603,0.0015211853889250582,0.04256090852487623,0.0008459825047297642,0.15523669119699984,0.004360720856124074,0.05297962864959656,0.0026442057018527085
0.13192078564514792,0.0015370610765365095,0.04250185477088894,0.0008464473764578622,0.1551711685551599,0.00437257732266242,0.05301337680381422,0.00261318830132309
0.1318001130536864,0.0014924807375650898,0.0424470191803133,0.000810170913315895,0.1551071004847016,0.004398982172031585,0.05306399547656019,0.002539399993876775
0.13161290895707756,0.0014643282444453496,0.04234578388117215,0.0008079366449406852,0.1549639571448267,0.004426844906579739,0.05301337680381422,0.00251719120385149
0.13148407311671445,0.0014545811541350922,0.04230360233601828,0.0008097930260969199,0.15486640524616052,0.004429420871161535,0.053030251592639154,0.002580352238456485
0.1312893185861316,0.0014994097246675956,0.04226563922116396,0.0008186026171097748,0.15469120303227576,0.004360412083435159,0.05294588618910771,0.0026022697260640734
0.1311987698750279,0.0015232429119912223,0.042193930976941726,0.0008598978428788842,0.15465136707429933,0.0043580384226284226,0.05292901140028279,0.002600030855087268
0.13103697087984206,0.0014861874514521885,0.04213487766776762,0.0009034887952511961,0.154513098156905,0.004372947372158692,0.052878394150969024,0.002546820795367493
0.13084741227654534,0.0014784854783826524,0.04206316933458274,0.0008913076213141383,0.154349613604348,0.004383021605052041,0.052777156805477066,0.002533436187854659
0.13065188405617664,0.0014326039319283823,0.0419745884367139,0.000835854108210552,0.1541857416848326,0.0044029242082091365,0.05265905036488903,0.00251020794440777
0.1305002829315724,0.0014224022612442401,0.04189022579121935,0.0007711908033742953,0.15406127454535823,0.0044367620084390874,0.052524073405772656,0.0024454690875768677
0.13031761749604653,0.0014373381320045495,0.041805863323650064,0.0008414753748802199,0.15391614306632617,0.004418896597075465,0.05247345330959448,0.0023849384595348846
0.1301911784881208,0.0014824993842604067,0.04176790003087048,0.0008423343927252393,0.15385069358087525,0.0043892992328934954,0.05250719861694771,0.0023757320587984537
0.1300468014065221,0.0014852191463595908,0.04174259122832584,0.0009288070944650814,0.1537339984146496,0.004385380370048344,0.052507192923218884,0.002460377802207061
0.12989981800916664,0.001472878958550265,0.041649792522895905,0.0008846611719698124,0.15362571885422116,0.004390662310273888,0.052540942500868756,0.0023785816896191476
0.12976118440436124,0.0014981531521064554,0.04160339263640512,0.0009205359932707418,0.15352632832780616,0.0043812234093886385,0.052490323828122784,0.002451649843564834
0.1295927473940978,0.0015214658681740488,0.04155277529820376,0.0008962374542121263,0.15338042739224123,0.004382958613222718,0.05238908790606304,0.0024991323062910358
0.1293681770356257,0.0014742015163945739,0.04151481218334946,0.0007950577353885827,0.15321335973899589,0.00443939364456544,0.05235534544557421,0.002444827146660356
0.12923089824284767,0.0014926254860469475,0.04143888568675293,0.00085101699725695,0.15312231665559212,0.004432524943213877,0.052304729619692646,0.002384384446399839
0.12908994049983685,0.0014539071367127923,0.04139670440848696,0.0008470348761420715,0.1530171298087813,0.004450449561403926,0.05220349085076849,0.002424795408632159
0.1288964633688415,0.001482472921525889,0.04122798009608686,0.0008409604316212453,0.15286445985025005,0.004403437911652444,0.05215287075459031,0.002427669245742393
0.12876882930268616,0.0014658044836464025,0.041215325338963986,0.0008641088110739844,0.15279276738578662,0.004413756564155939,0.05220348515703965,0.0025438450751993982
0.12866240062069206,0.001485341924490729,0.04113096278243207,0.0008451638708855913,0.15271312260130082,0.00440111127949604,0.05213599738919759,0.0024801989671593386
0.12855352426947456,0.0014908859807947017,0.04110143590543843,0.0008771889372666278,0.15264885743646578,0.004399539920606577,0.05216974269655082,0.0024845641803444554
0.12844532645739765,0.001483048050063775,0.04107612683600589,0.0008699650239954649,0.15258121013973813,0.004411362126333411,0.052152872178022516,0.0024504589886099565
0.12824090805222296,0.001462206438219912,0.04101707290409333,0.0008906556144597698,0.1524061531084413,0.004412540189129738,0.05205163625596278,0.002513880028090404
0.12807082777475293,0.0014500553143360982,0.040991764368436615,0.0008652536510913077,0.15229398970256874,0.004403187099513924,0.05210225208184434,0.002485712420228205
0.12793066944836642,0.001477273577192347,0.04089052906929545,0.0008711641130488948,0.15218726329162835,0.004380509229787939,0.05198414421782407,0.0024282344877094137
0.12778107120711335,0.0015057512282852167,0.04083147549323344,0.0009014469873908867,0.15205379763752921,0.004356525200540385,0.05200101900664901,0.0024260572542536573
0.12765575863745593,0.0014930968067481101,0.04082725724085915,0.0008685086290784986,0.15198027808006573,0.004375787818208871,0.05189978450802148,0.002382733298233555
0.12750806190424416,0.0014951680650131288,0.04076820339790922,0.0008619872304487593,0.15187230776131339,0.004370767696600634,0.05186604062410044,0.002371980787919924
0.12735465761853176,0.0015178998277519241,0.040662749935356415,0.0008501275852929045,0.1517729601139751,0.004347626442092303,0.051798554279690566,0.0024152369987087276
0.1272446582511177,0.0015296445671536402,0.04060369662618231,0.000849249853126126,0.15170285288967084,0.004326920530949211,0.05183230101047602,0.002386578180782318
0.12714856448652034,0.0015287916531551463,0.040548861124569305,0.000902302317423355,0.15164457782054827,0.004336057965323894,0.051815426221651084,0.002421346225136248
0.12703650651006154,0.0015510412057834968,0.04053620645640908,0.0008833982836297928,0.1515602015119613,0.004333146257331163,0.05179855570312277,0.0023676491607052654
0.1268757532673051,0.0015836143763752334,0.040451843632989246,0.000872237578215661,0.15144109800408856,0.00430233399402515,0.05171419172302355,0.002270631043493232
0.12666384702293393,0.0016027577599979962,0.04042231666703297,0.0008451530528765461,0.15129020949985733,0.004274915252004025,0.051747938453809005,0.0023052670785308873
0.12656764685028563,0.0016018948171455153,0.040413879895396486,0.0008827947707841728,0.15121774933913115,0.004262169317360181,0.05178168945489109,0.0021651711922476384
0.12637372174768782,0.0016160849243324388,0.04036326255719514,0.0008736874392041943,0.15107143325705125,0.00427960300734246,0.05169732547479187,0.0022164685255087416
0.1262404543518631,0.0016753341724142269,0.04032108092307863,0.0008628100183574615,0.15096641471263467,0.004203234033806749,0.05154547230341835,0.0022353864047615977
0.12611290058261393,0.0016997867409201074,0.040304208091506755,0.0008510220798648403,0.15086980599846564,0.004174242132025415,0.05149485363067239,0.002199151987890515
0.12601589677897193,0.0017316817022023083,0.04027889937792477,0.0008653716604246303,0.15080371195655645,0.004148252759483421,0.05147798168871186,0.002197740614939999
0.12594890866704622,0.0017264042549337499,0.04027046296213883,0.0008729587333634011,0.15077111005932914,0.004157256922893826,0.05144423638135861,0.002264095998780045
0.12578236183028788,0.0017127171530830405,0.040207190955777246,0.0008810698038395033,0.15064087936899387,0.004161845778937544,0.05139361913204484,0.002272890371370447
0.1256398929226295,0.0017450290464183923,0.04015235527623898,0.0009273882570614856,0.15053503284016562,0.004117010720649191,0.051427365862830296,0.002258597142849678
0.12543723992177794,0.00173944118981449,0.04012282822132006,0.000896377337067067,0.15035244125792396,0.004125288015702602,0.05134301042332433,0.002266317580528128
0.12527703039838384,0.0017557286786283822,0.040051119977097815,0.0008893406892702417,0.1502468019312937,0.004143363695610252,0.05142737440342354,0.002299394370410764
0.12512539333541167,0.0017863250010604027,0.04001737475876725,0.0008565784532593136,0.150144673184624,0.00411020891763348,0.05134300757645991,0.002327602488570093
0.12494932840520057,0.0017531290566323832,0.03996675733160326,0.0008424882948648987,0.1500160833743675,0.00412113857325739,0.05135987667155602,0.002355975725317885
0.12480524442879785,0.0017683559143943503,0.03994988467795666,0.0008553085801432122,0.14988783050901183,0.004100183005512416,0.05130925942224225,0.002325570427231945
0.12468090304654203,0.0017966463987898332,0.039890830568118825,0.0008796202716138824,0.14978717256727353,0.004061573226518831,0.05125864359636069,0.0023434162002253334
0.12458066521051643,0.0018054285328492079,0.039840212607179015,0.0008505395633303961,0.1497371739813948,0.00407642380494698,0.05115740767430095,0.0024110663745954214
0.12446863222701454,0.0018056276025318382,0.03982755829486934,0.0008443075365741242,0.14965265285246976,0.004079279025912695,0.05114053573234043,0.002346935959556782
0.12434325412378,0.0017833687553208831,0.03977694086770535,0.000846249135721201,0.14956484317966834,0.004090546268184814,0.05124177165440017,0.0023567589577563218
0.12422335870136474,0.0017880606711502458,0.03976850480776996,0.0008543773106269532,0.14948160236707195,0.0040906196404464955,0.05132613563449939,0.002335544083228498
0.12411230021359176,0.001771864698114001,0.03977694122355589,0.0008882214866738744,0.14940608090689406,0.004104515491831004,0.05122490113587186,0.0024263095929304606
0.12400984057010478,0.00174629730863689,0.03970523280140839,0.000844423038916233,0.14934133190759538,0.004105716494997293,0.05124177307783238,0.0024240676967719602
0.12387121870429636,0.001799326629971399,0.039675706102340016,0.0008600688133235788,0.14922896442186856,0.004046539418592485,0.05117428246312587,0.0023585792073896076
0.12377228186430908,0.0017864002612958518,0.039603997680192495,0.0008711577457769894,0.14915583476521863,0.004051203948844627,0.051224902559304064,0.0023140339506908065
0.12362850086414234,0.0018164691488584143,0.03953228943597026,0.0008801163354980024,0.14903925004814506,0.004042634596716724,0.05115741052116536,0.002288128759745354
0.1234952647729409,0.0018853690737558443,0.03950698063342563,0.0008761438327603302,0.1489199734931955,0.003956688000720436,0.05119115582851861,0.0022075899813626012
0.12338525599201075,0.0018697319378383848,0.039464798910346474,0.0009344946612256011,0.14884687930170826,0.0039508285225638064,0.051140541426069254,0.0021862777668256003
0.1232755162594357,0.001854081007103204,0.039393090666124245,0.0009465056533639905,0.14878498195815704,0.0039688199748184804,0.051123668060676544,0.002187954166910159
0.12315268423980866,0.001827952883125103,0.039355127373344664,0.0009858715542926993,0.14870768950283192,0.0039936441067033295,0.051106796118716005,0.002127539089560299
0.12301538425531573,0.0018749323272227317,0.03932560022946311,0.001012536202134091,0.14859493756335762,0.003954246861743155,0.05102243356204901,0.0021646864182257755
0.12291506272194108,0.0018657220286935024,0.039296073975207915,0.0009772227213295267,0.14850439568688412,0.003947638611810138,0.05095494579420692,0.0021749716162331595
0.12278118165072485,0.001870408241503944,0.039253892430054046,0.000997573973758056,0.14840399060306408,0.003954315939956399,0.05092120048685367,0.002207833649663991
0.12265110765835326,0.0018938800849328326,0.03919483823125358,0.0009990011850780677,0.14830125595114577,0.003932386360429108,0.05092120048685367,0.002233471377653243
0.12254882499828508,0.001876423585858592,0.03917374768108323,0.0009405704569182643,0.14822710586056817,0.003960268551981979,0.05090432712146094,0.0022606927261244253
0.1224655194097705,0.0018799362957725274,0.03910625795612319,0.0009265571851203646,0.14817479013571858,0.0039667231222712904,0.05085370844871497,0.002280602518584834
0.12234493463028444,0.0018653229239432027,0.039068294485418334,0.0009511995951116901,0.1480916513807036,0.003983627096122135,0.05085370844871497,0.0023085159603648204
0.12218244725553029,0.0018750923102806786,0.038996586508084005,0.0009582337484197282,0.14795579550847396,0.003990294954549129,0.050819968835090545,0.0023690152124205537
0.12204312764546073,0.0018341340810807578,0.03897549622480158,0.0009147408127339138,0.14785590660004147,0.00400702918815894,0.05075247679695185,0.002414208577404157
0.121973487951424,0.001815440007131074,0.03893753275409671,0.0009322022272529605,0.14781381803001314,0.004026795667777685,0.05073560343155912,0.002375557912971698
0.121881958531289,0.0018286095730861483,0.038891133312419106,0.000971327631805214,0.14775834491215228,0.004026008554087506,0.05071872864273419,0.0023373381458589595
0.12177188277690724,0.0018237858502303094,0.038823643587459065,0.000935929182431339,0.14769875861700005,0.004022202064768948,0.050651242298324316,0.0022988540180438385
0.12165184422266269,0.001855870571674469,0.038815207171673125,0.0009548554077705272,0.14759564291729563,0.003977054309376558,0.05066810996998822,0.002296270686419285
0.12149843302732403,0.0018821223207105824,0.03873084461514121,0.0009151806504737729,0.14747756089481528,0.003975410751604897,0.050617489873810026,0.0023290796153627585
0.12136842539139818,0.0018629879530973528,0.038638045642823346,0.0009065222079415678,0.1473887094002975,0.003994541289838846,0.050600617931849515,0.0023439614794752823
0.12125913374747524,0.0018638023698996384,0.03858742848254727,0.000903648111425536,0.14732207545075676,0.003975423556667456,0.05053313016400742,0.0023144272769695285
0.12115653621045105,0.0018345056006353493,0.038532592625083725,0.0009043686403641348,0.14723956952315914,0.004014825829899496,0.050533130164007435,0.0023156568979214014
0.12105173807273133,0.0018502378472078315,0.0385157201493624,0.000917303005551411,0.14718276205578792,0.003992329905198175,0.05049938628008639,0.002160226983585545
0.12097717733438151,0.0018736823593511424,0.03848619336133139,0.0009153656725421067,0.14713437745326965,0.003951760833984816,0.05048251291469367,0.0021202980556414767
0.12086752757651498,0.001868346876382306,0.03843557602313004,0.0009033616564886933,0.14704793555647938,0.003944211113868013,0.0505162567986147,0.0020808300297300076
0.12078781044879246,0.001871175387681608,0.03841448511710914,0.0009337612598828476,0.1469967137119075,0.003936113518318569,0.050465638125868725,0.0020766966438874363
0.12068742207096887,0.001833483641409832,0.03840183116065001,0.0008885541985514827,0.14692924125762344,0.003972583975393568,0.05041501945312275,0.0021435949944641213
0.12056880166753906,0.0018367975161554283,0.038384958862853966,0.0008664212958686079,0.14684723774670036,0.0039750154670757905,0.05039814893459445,0.002196772215088594
0.12047514566867834,0.0018463404003086084,0.038359649971346686,0.0008863523864448116,0.14678043369919877,0.003967093344367927,0.050347528838416256,0.0022306626616232887
0.12036559975950038,0.0018441337902287392,0.03831325026278117,0.0009042449499145179,0.14671496733784894,0.003960966885929535,0.05026316485831704,0.002259791912007204
0.12025603761897648,0.0018367694134259153,0.0382668511769541,0.0008940681724883211,0.1466338013018609,0.003977409411381742,0.05031378210763081,0.002237119907765932
0.12017681854359993,0.0018566794985355477,0.038271069251403125,0.0009028781756261259,0.14658432089424356,0.0039788742199088605,0.050415016606258335,0.0021972996252913744
0.12000824268159946,0.0018555399669518808,0.0382162332160143,0.0009185312034586932,0.14646543720575794,0.003969583443962677,0.050313780684198596,0.002254831007019713
0.1199005442677584,0.001844750182589892,0.03824997870123278,0.0009321639866494147,0.14638743312973895,0.003971728943938454,0.05024628722262768,0.002295430837405027
0.11976336563971461,0.0018801705548660114,0.03816139780336393,0.0009722361198431346,0.14629502064154115,0.003935300686154848,0.05019566854988171,0.0022486699489075255
0.11966806222090791,0.001852485646966977,0.03815296156550327,0.0009496856770847913,0.14624476742418122,0.003950184532932278,0.050094434051254175,0.0022202694152960068
0.11958378700707084,0.001869931479353103,0.03810656239071357,0.0009565456494234654,0.14617621546736212,0.003962378050400576,0.05011130314635028,0.002287514822791176
0.11947471671233231,0.001834924130415879,0.03803063562722913,0.0009744031561413559,0.1461085953800319,0.003991360311078177,0.050229409586938334,0.002246427144589543
0.1193415114812755,0.0018360500739922105,0.03803063598307968,0.0009122699108175432,0.14602516226849413,0.003998482418073752,0.050195661432720674,0.0022992201751105947
0.11923867247519777,0.0018572457556069904,0.03799689112059966,0.0008722154389774624,0.14597433590897593,0.003996121617439634,0.05016191897223184,0.002250215326802026
0.11910720137323796,0.0018425615971038567,0.037992672957188015,0.0008700688700304969,0.14588627343946786,0.004000859585002161,0.05019566285615288,0.0022718456183279377
0.11893037784342778,0.0019168842423955383,0.03793783692179919,0.0008707483884485211,0.14573694365076859,0.003929961712063411,0.05006068732046872,0.0021743731253799584
0.11881750117959562,0.00192874035335032,0.03792096417918995,0.0008767050847262955,0.14564321898817836,0.00391706966833417,0.05002694201311547,0.002141651409147703
0.11865576772410802,0.0019598478925653045,0.03788300061952246,0.0008976845351515155,0.14551647535360718,0.0038913237696480353,0.049976321916937294,0.0021834592673676636
0.11857751019708314,0.0019725297749541085,0.03785347365356617,0.0009002550120484986,0.14545643105018605,0.0038727578962706676,0.050010064377426125,0.0022494160842075265
0.11843388326626203,0.00196170373868815,0.03781129255322549,0.0008961017856018509,0.14535329725542792,0.003878445639597858,0.04999319385889781,0.002276630518270689
0.11829898335061426,0.001956912623635542,0.03775645669576194,0.0009253021876362877,0.145241497361615,0.003863082404512875,0.04997631907007287,0.0022740822450711185
0.11815527663208161,0.001993275520418884,0.03773114789321731,0.0009443912844104837,0.14516222004413137,0.00385553225380933,0.04992570466762353,0.0022690124091800704
0.11806060253553832,0.001955637386109167,0.03769740276384938,0.0009521364801995439,0.14510492840646674,0.0038858341112250486,0.04989195936027028,0.002241361215803362
0.11791426047357727,0.001993937842090147,0.03760882266664426,0.0009579165021815181,0.1450044440195248,0.00385847108483541,0.04963886884340482,0.002262797145178692
0.11780761882771631,0.0020267041614464606,0.0375961681764093,0.0009605277019934797,0.14491397995056882,0.0038486669302714616,0.049638868843404814,0.0023407158208857376
0.11767814870525024,0.0020735719652858085,0.03757507753727633,0.0009606208136148153,0.14478616907702,0.003795174011376981,0.04965574363222976,0.002316310430224041
0.11757678128676916,0.0020976304648775753,0.037553986364367534,0.0009743927232003694,0.1447537259002349,0.003785338101967667,0.04965574363222976,0.0023419761373427187
0.11749299786557806,0.0021025491975271956,0.03751180508610158,0.0009707336277247395,0.14470127535488775,0.003771208057735018,0.04963886884340482,0.00233401214854933
0.11736271066395565,0.002098474864877024,0.03744431553906681,0.000854770691590521,0.14461670060557935,0.0037727399368955453,0.04957138249899495,0.00228851481159028
0.11723661264097876,0.0021169142254619036,0.037410570854512055,0.000863565598388749,0.1445324643253308,0.0037681489065615635,0.04963887311370145,0.0022521584223628493
0.11711034977146502,0.0020647266565525673,0.03737682581410676,0.0008446082048268505,0.14444203117377197,0.003839173557897813,0.049622001171740926,0.002282184128443731
0.11699213120767933,0.0020889518724458386,0.03732620794212959,0.0008512027055382356,0.1443638195141101,0.003820287894600391,0.049621998324876515,0.0023369798540197827
0.11686973556020423,0.002125504764007218,0.0373177718821942,0.0008426190957626546,0.1442616511174921,0.003795153988190168,0.04957138107556275,0.0023163125112585204
0.11678686288695099,0.002098668308754938,0.037305117480921884,0.0008515247475518672,0.14422067573255065,0.003812137657034647,0.04950388761399184,0.002431846824763752
0.1166813698066718,0.0020802977988424666,0.03727559024807769,0.0008803983969682515,0.14415768094769404,0.0038467118843950846,0.04952076240281677,0.002404579605296726
0.11657043173101833,0.002080664490484701,0.037220754835427326,0.0008758295251993266,0.1441043933593924,0.003855602089983223,0.049470145153503,0.0025075106098174367
0.11648865568130315,0.0020620228462261483,0.037182791542647746,0.0008810489528218483,0.1440518342589984,0.003873551317732667,0.04943640269301417,0.002456750849993586
0.116418234040277,0.002065923454631965,0.03717013723033807,0.0008609930092619482,0.14402713429015704,0.003875821393418286,0.049503891884288456,0.002426651804200363
0.11634603662151373,0.002068941124734166,0.0371743548599739,0.000932689527630089,0.1439910180141795,0.0038775619972933923,0.04952076524968119,0.0024654294981004327
0.11623146009465304,0.0020437540866292997,0.03709842871922792,0.0009304437693894626,0.14391817589756123,0.0039081503337995375,0.04941953359791807,0.0022785097831828907
0.11612740053711881,0.0020381441221574118,0.03704359295072701,0.0009123465190935226,0.14386706147117947,0.003913238169782635,0.04947015084723184,0.0022910893263260743
0.11606580124890362,0.0020503839227105263,0.036992975701488295,0.000865872529906028,0.14382961600055158,0.003915483378340766,0.049436404116446384,0.0023489751870057513
0.1159924494394867,0.002062651625906365,0.03699297561252566,0.0008683311718469143,0.14378739036789026,0.0038998825747703874,0.049436404116446384,0.0023098643028036867
0.11589983780974913,0.0020660445976248944,0.03696344829071883,0.0008753128384936296,0.14373994851377808,0.0039057158599087208,0.04938578829056482,0.0022591859791315323
0.11579340759533141,0.0020729424825868094,0.03692548517586452,0.0008831862847781921,0.14367398882182061,0.0038968305614117656,0.04941953359791807,0.0022872442962571676
0.11569227091843937,0.0020942699795112787,0.036862212813652394,0.0009263339545896434,0.14359388366393033,0.003910124235550329,0.04935204298321157,0.0023350243828819386
0.11557054342298871,0.002092841756145757,0.03677363164889565,0.0009495715485029498,0.14350903518853517,0.003925264054339757,0.0493689149251721,0.002358906832391455
0.11546733287882908,0.0020742728312590705,0.03671879632520792,0.0009152761493701786,0.14343281336326522,0.003914874124967535,0.04931829198212949,0.002457045362479294
0.11538425892060222,0.002097160515353616,0.036689269804064825,0.0009409414622676827,0.14337055770311974,0.0038813647786597673,0.049352037289482745,0.002486076828945919
0.11525328564135082,0.0020671068758932485,0.03662599788666588,0.0009237667719851834,0.14325792941769763,0.003908832948176672,0.04926767473281573,0.0024872353492337625
0.11514670335755958,0.00201814578113074,0.03662177981221686,0.0009256929329226,0.14318858634986814,0.003938157500843553,0.04928454809820845,0.002515363696457319
0.1150409598217863,0.002024900640880854,0.03657959871187618,0.0009152615517002531,0.14310276367293412,0.003934065828404981,0.04921705890693417,0.0025109603039732676
0.1149091282838485,0.0020107324489595,0.036571162740903426,0.0008441195821404756,0.142999462224858,0.003952551682958771,0.049048330946735726,0.0025934556471727613
0.11476705470526893,0.002035584809854671,0.036533199537086475,0.0008352609829839887,0.1428974810199724,0.003946055171347507,0.04901458706281468,0.0025460653655485807
0.1146465414431943,0.0020409189763446623,0.03646570927835062,0.000851976794168605,0.14283006950729454,0.003932424469205233,0.0489470992949726,0.0025159599400195803
0.11456490109178127,0.002058689103807404,0.0364530548770783,0.0008251998951274755,0.14277668887573364,0.003937254851030035,0.048980846025758064,0.0025053384995259
0.11445269550060436,0.0020355525942727932,0.03642774678623476,0.0007989168892382944,0.1427113685270492,0.003954930169418665,0.04898084460232585,0.0024600125565998874
0.11434128053130659,0.0020364996901953425,0.036394001923754735,0.0007760130712092326,0.14264797667443632,0.003947830015498652,0.04893022877644429,0.0025089811975974406
0.11424445290270566,0.002033825939757025,0.0363560387199378,0.0007962453470308088,0.14257392099702143,0.003937172333720666,0.04889648062222663,0.0025098232668121696
0.11415565386999629,0.0019988340145993765,0.036322293946420406,0.0007769164839321004,0.1425050776002562,0.003959296218856268,0.04889648062222663,0.0025098232668121696
0.11402729430990388,0.002045083535636992,0.03625058588012344,0.0007990502993856557,0.14239738759185824,0.003895364250820778,0.04884585910261623,0.002521289070145308
0.11392052885991158,0.002050154380101405,0.03622105909209243,0.0008096952482719622,0.1423111302678311,0.00387802070877764,0.048845860526048446,0.0025622014032581743
0.11381835880271973,0.0020242009576958387,0.036199968186071546,0.0007878537084162938,0.14226216817912724,0.003901996941567262,0.04881211379526299,0.0025530394985906466
0.1137159571225694,0.0020076506709656517,0.03615778672988031,0.0007783027197351129,0.14217630135415593,0.003910946108414382,0.048845860526048446,0.0025538493310121395
0.11360098732182411,0.0020187832861145224,0.03615356847750602,0.0008321891483472901,0.14210127863154667,0.0039183714287531245,0.048828987160655715,0.0025468055782536143
0.11344211862594542,0.0020049102693900952,0.03605233353421542,0.0008079160130799428,0.14197988886726795,0.0039236773875979845,0.04876149512251701,0.002508812518308176
0.11334462096292272,0.001971818941030403,0.0360396791329431,0.0008065701739791182,0.14192382275357235,0.003942912394356773,0.04884585767918403,0.0025576972669804545
0.11327149973536618,0.0019516667423364964,0.03603546070264353,0.0007931211653179645,0.14189032736879525,0.003964914007748481,0.048812115218695204,0.0025086333537546824
0.11315319425166523,0.0019514740780784202,0.03602702464270815,0.0007854430701913676,0.14181272811824255,0.003989521870727892,0.04877837418163858,0.0024909420043087668
0.11302610999645683,0.0019543079664038287,0.0359848436313301,0.0007566102792699823,0.14172596096917864,0.003983049148112406,0.048677139683011045,0.0025761335046041423
0.11290644503963825,0.0019712279934652544,0.03598062555688108,0.0007705469286573254,0.1416447149705702,0.003955609265936407,0.048643390105361166,0.002680363252159207
0.11280783849053652,0.001971027249338395,0.03589204483693752,0.0007612999628467714,0.14157733118247423,0.003957158388788691,0.04872775266202818,0.0026595711489471132
0.11272003999286273,0.001971798103272474,0.035866736301280795,0.000763085326150362,0.1415198477021662,0.00393871127870177,0.04869400593124273,0.0026679793266005483
0.1126454175714148,0.001986151648058526,0.03582877309746385,0.0007630598476897906,0.14147250320351118,0.003908369979517517,0.04866026062388948,0.002660493188016605
0.11254314726845653,0.0019800009038903545,0.03579502823498382,0.0007453742743169039,0.14139866481817967,0.00390978029513355,0.04862651531653624,0.002691447867058199
0.11245019461846217,0.0019673144461707878,0.03572753824313587,0.0007088682490085766,0.1413529108594492,0.0039279545886341935,0.04862651389310403,0.002743800645377648
0.11233607174472116,0.0019642810081982576,0.03571910164942467,0.0007348071279754746,0.14127396759996871,0.003921412670675432,0.04849153693398767,0.002718222676548264
0.1122509990366772,0.001954043163782735,0.035668484400185954,0.0007036265557243629,0.141224693791905,0.003922041030336001,0.04849153551055545,0.002699273922999188
0.11214952472149894,0.0019726794001159826,0.03563473953770593,0.0007252018560349867,0.14115305539588371,0.003930506979279363,0.04842404347241675,0.002774958456016954
0.11206203798552763,0.0019884358238919935,0.03559255879321579,0.0006879608522785011,0.14112040864336647,0.0039265881596561615,0.048474663568594936,0.0027324113289792264
0.11198450494349041,0.0019964844045233287,0.035563031827259506,0.0006629058811552062,0.1410735029561152,0.003925326305245488,0.04845779162663441,0.0027251248041634773
0.11189292175824475,0.0020028168259325716,0.035520850104180365,0.0006907487522047778,0.14102219607245087,0.003920135802341924,0.04839030385879234,0.0027057702406104896
0.11179035930404764,0.0019619662877001167,0.03551241342150652,0.0007254037046392933,0.140954675598825,0.0039604740620269585,0.04839030385879234,0.0027220282781198805
0.11166722087125831,0.0020037916268294048,0.035495541390598365,0.0007568277089072923,0.14086195254544062,0.003922093030685945,0.04840717722418507,0.002693021056898403
0.11160318790250798,0.001998621056711306,0.03547445084042803,0.0007594135664601272,0.14082310550241123,0.003923952489554191,0.04842404916614559,0.0026906846888117746
0.11153185400385239,0.0019738179410094003,0.03548288698932605,0.0007631017670083936,0.1407789660422099,0.003924181980050439,0.04833968518604636,0.002739938986091252
0.11145596125343742,0.00197154013291215,0.03545336011233241,0.0007385048000591631,0.1407214892670257,0.00392514552816554,0.04830594130212533,0.0027188909655480303
0.11138539439761252,0.001973118451875462,0.03545336046818296,0.0007142725776556184,0.14069345436934408,0.003928157176641973,0.04830593987869311,0.0026739910541643407
0.11131593530309995,0.001975226157870576,0.03543226991801261,0.0007047479265854818,0.14065749626234852,0.003917839897050495,0.04825531978251494,0.002690608409085272
0.1112420154529277,0.001973690795789853,0.03536056202964092,0.0007355954642775988,0.14063398694837065,0.00391219837870005,0.048255321205947145,0.002640974963099255
0.11115716552748052,0.0019733393100004326,0.03530572599425209,0.0007058802722957768,0.14056795497923713,0.003944123211527437,0.048154086707319604,0.002630396791227967
0.11107293738529433,0.00200464459880835,0.035276199117258454,0.0007034322502648277,0.14050763070940303,0.003914842528405966,0.04820470253320116,0.0026038267326595464
0.1109831263478465,0.0019960674785678306,0.035250890492639096,0.0006993805379983884,0.1404648429610496,0.003907756595912377,0.048170954378983506,0.0026468182464527814
0.11087520816537835,0.001995790241120992,0.03523401801691777,0.0007009068497682032,0.14036465964688943,0.003917310845447948,0.048170954378983506,0.0026468182464527814
0.11080426512747413,0.00201400215761049,0.03520870948126105,0.0006917196702755803,0.1403262627767661,0.003914076450600833,0.04817095580241571,0.002650069394761288
0.11070284196242937,0.0019954960302408257,0.03519183718346499,0.0006489993312730503,0.1402655729823772,0.0039251482737653574,0.0481540852838874,0.0024971236267135252
0.11062819218804867,0.001972851037598238,0.03513700168185199,0.00066983791321263,0.14022235516881792,0.003945478218245176,0.04817095580241572,0.0024928633951550837
0.11051221358929395,0.001991923666990628,0.03512856535502869,0.0006966051951159051,0.14013389677940205,0.003928473638781398,0.048154081013590776,0.0025242565843853156
0.11044719895354198,0.0019920457116732243,0.03509482049254866,0.000667980665027,0.14010517581510323,0.003935966033061846,0.04815408670731961,0.0024569297871562105
0.11035554115643945,0.00198933616355258,0.03506107536318074,0.0006811107612660354,0.14004631508891463,0.0039467926217371645,0.048120341399966356,0.002505231177139293
0.11027694921880535,0.0019953509533689137,0.03501889417387741,0.0006901975139111386,0.1400158567350848,0.003955849144242208,0.04810347088143805,0.0025096975024108386
0.1101572270273417,0.0019423979760959372,0.03494718637446835,0.0006771260533012795,0.13993695439008924,0.003985305338867403,0.04810346945800583,0.002507399681415092
0.11006683058672277,0.0019170724026117195,0.03488813288736898,0.0006265640474047001,0.13986809875605494,0.003994176452397272,0.04808659609261311,0.00244448663848008
0.10999196117367149,0.0019290163394582245,0.034888133065294244,0.0006330717555871,0.13983468690109618,0.003995186161235119,0.04801910690133883,0.00243598527975921
0.10990332868656268,0.0019186907431240656,0.034900787466566566,0.0006135190695554936,0.13977242699106807,0.004015132115685406,0.048035977419867135,0.002510874312430764
0.1097774121811457,0.0018909870709149324,0.0349176602091758,0.000686894557709298,0.13966841677678205,0.004027340315097295,0.04813721049506246,0.0025999622652143287
0.10971906635636772,0.0018846509342731058,0.034900787555529195,0.00068802609175252,0.1396379539404733,0.004028428695489993,0.04813721049506246,0.0026326092564923193
0.10964517004077343,0.0018701550583074132,0.03487969664950831,0.0006346070086930152,0.139595660734345,0.004034099701371643,0.04813720907163026,0.002628253637968615
0.1095049138495052,0.0018667203440379376,0.03486282399586171,0.0006594315950973154,0.1394836867308848,0.0040468035979555695,0.048002229265649475,0.002522924719384676
0.10944062933868107,0.0018504245337698044,0.03482907957819488,0.0006837823271260596,0.1394536879584492,0.004055061351533517,0.04803597314957052,0.002547382392777746
0.10932382180571654,0.001876122036106982,0.03480377086461288,0.0006589805625159324,0.13937507001270644,0.004035204153065471,0.04808658755201987,0.0026472841263897374
0.10925497723571856,0.0018879285409325298,0.03479955270120123,0.0006636333578055448,0.1393290727645073,0.004031334079294421,0.04796847826456739,0.002620558731190891
0.1091261351156855,0.0018679701241502069,0.03475737168982317,0.0007030915802156544,0.13923641898021347,0.004030188297308016,0.04793473153378193,0.0026597832295449575
0.10903245872821374,0.0018688992829215072,0.03473206297624118,0.0006865000603255786,0.13917715777890557,0.004037289515229202,0.04790099049672532,0.0026046965849346173
0.10896794959779792,0.0018705426777900704,0.034660354109280485,0.0006967812201625844,0.139158793803717,0.004045421668930203,0.04793473722751077,0.002558968493119967
0.1088948497578435,0.0018527788843963069,0.03459708210291891,0.0007476499073631395,0.13913260036698075,0.004064194267775554,0.047968479687999596,0.002648151124676843
0.10880995576917478,0.001829896428786547,0.034575991463785934,0.000744788685148204,0.1390814500551772,0.004085304783990959,0.04791785959182142,0.002634311814214941
0.1087197525270043,0.0018289463155021408,0.03449584742651621,0.0006832596531878102,0.13902799852062236,0.004095198276467413,0.04795160347574245,0.0026069128986501502
0.10861652018617278,0.0018574831562065649,0.03448319258043071,0.0006943945778857254,0.1389680270108721,0.004090084480945094,0.04793473153378193,0.002553302782359795
0.10855677778766126,0.0018668828266739433,0.03449584662585248,0.0006723246834100111,0.13893770359204877,0.00408877290335474,0.04785036897711492,0.002554971326993125
0.10844081779373324,0.001866666538681254,0.034445229554539034,0.0006389430967753096,0.13886571231637346,0.004097815848426955,0.04779975315123336,0.0025129821296721692
0.10836322263425616,0.0018440868883399593,0.03441148451413374,0.0006106364792097539,0.1388121006007063,0.004125024378968568,0.04783349845858661,0.0024847319902382625
0.1082447890882218,0.001854934111720926,0.03438195737025219,0.0006469549277938221,0.13869943839456073,0.004104017161598943,0.04776600499701571,0.002529180643544795
0.10818561497117127,0.0018431681854051449,0.03436930305794251,0.0006798406661612824,0.13864649428344472,0.0041077175370416875,0.04774913163162298,0.002528938863334902
0.10807424762212761,0.0018497901553213704,0.03433977555821041,0.0006714883504473719,0.13857296632108188,0.004098695021677602,0.04774913020819077,0.002610345134082959
0.10799821020744316,0.0018392629105537241,0.0343271211569381,0.000651749071255323,0.13851634773705618,0.004099412856360359,0.047782876938976225,0.0025505771698829845
0.1079152115105014,0.0018494537610746083,0.03433133940931237,0.0006778239472382982,0.13847753994990644,0.004085575813009453,0.04779975030436895,0.0025427642166047835
0.10785817971197371,0.001846042785624302,0.034327121423826004,0.0006584180588656393,0.1384449656890711,0.0040963605076418524,0.04779974888093674,0.0025766612825167015
0.10777716799653936,0.0018419882736267243,0.034263849773314974,0.0006900973389482935,0.13840539903791554,0.004093155606102882,0.04781662366976168,0.0025532875591473526
0.10772383277916628,0.0018422026715208125,0.03421745059852527,0.0007090556791055837,0.13837769487809665,0.004095094462889228,0.04779975172780117,0.0025511785822033063
0.1076236183629582,0.001798797483614436,0.034149960517714684,0.0007255242717105592,0.13829516683265927,0.004133459576935277,0.047766007843880125,0.002512856921281865
0.10753942049989725,0.0017966430094406246,0.03417948739470833,0.000739153611761823,0.1382370256226869,0.00414663541438362,0.04766477476868479,0.0024367461462681673
0.10744858245110205,0.0017961945057190357,0.034158396933500625,0.0006928170798977384,0.1381839940584134,0.004138237951211898,0.0477322668068235,0.0024129517789559063
0.10738026298365902,0.0017939140254903064,0.034171050623071846,0.0007213194776105222,0.1381481212408266,0.004148834376800816,0.04769852434633467,0.0023762640566880587
0.10730807577290524,0.0018000678855274478,0.034166832815510736,0.0007025408092513925,0.13811289976607416,0.00415238806269753,0.04768164955750974,0.002374899203539366
0.107241577260252,0.001766114778152931,0.03415417850320106,0.0007005915316516004,0.1380772778795168,0.004167069837168594,0.04769852149947025,0.0023780026607009563
0.10713135970484826,0.0017739820368814884,0.03411199704700983,0.0006915084759136717,0.13798727226886096,0.004171178773654816,0.04763103515506038,0.0023834610969426847
0.1070078065494217,0.0017750338817496961,0.03403607117315175,0.0007300534713067876,0.1378856254919383,0.004194798102933008,0.04761416178966765,0.002327238773923974
0.1069006033802842,0.0017913814369500142,0.03395592642418095,0.0007207924199846724,0.13783286817161633,0.004185211635446122,0.04754667544525778,0.0022691029943723356
0.1068294998307052,0.0017859349089182823,0.03390109065568003,0.0006897058051353058,0.13780131797940198,0.004178625925531903,0.04752980350329726,0.0022653478144356912
0.1067666396378385,0.0017694951223524843,0.033888435987519804,0.0007288018755589569,0.1377501526307085,0.004160853352122522,0.04752980350329726,0.0022653478144356912
0.10666764624879872,0.00178483834066037,0.033871563600761115,0.0007218905599181463,0.13765788277561183,0.00412192516979174,0.047479189100847904,0.0022240718079987727
0.10656656733286526,0.001809896517446667,0.033837818916206366,0.0007208698673019316,0.13759039543501322,0.004110675490751966,0.047361081236827654,0.0021513178266392608
0.10648023854905897,0.001796553173379908,0.0338040739647637,0.0007091535315987385,0.13753035444752057,0.0041236462567231565,0.047361078389963236,0.0022170819448805042
0.1063724492206469,0.0017738061775791755,0.03378720148904237,0.0007498376728866005,0.13744513204431896,0.004164891115236517,0.047361081236827654,0.00214800727883774
0.106288172676742,0.001760514000264855,0.03379563754897777,0.0007527419249589678,0.1373901939990851,0.004169000531985558,0.04739482369731647,0.0022240063740853627
0.10621107749866598,0.0017668514419147262,0.03379985553446414,0.0007479925016369589,0.13734058330288343,0.0041581860975719006,0.047411698486141414,0.0022070968050584717
0.10613645642257238,0.0017859074295044962,0.03379563719312722,0.0008069131504715604,0.13729097004483562,0.004146273769385397,0.0473273359294744,0.0022070990327423884
0.10604277511740923,0.0017690344444845634,0.03373658343913993,0.0007996046539983572,0.13723087314778218,0.004139608738666635,0.04727671868016063,0.0021789357247902594
0.10595565206364055,0.0017790067191064756,0.03367752986307791,0.0007743837968788772,0.13718502978712635,0.004145500070006923,0.04727671583329622,0.0022640976721558207
0.10588332758417307,0.0017879345451324725,0.03366487555076824,0.0007837499500975736,0.13714935224631253,0.004136047811878571,0.04719235185319699,0.002263440988406851
0.1058421841450073,0.001803620757110678,0.03369862059117353,0.0007496370114072389,0.1371345583271119,0.0041358022812833725,0.04719235042976479,0.002282821529962343
0.10578404430072093,0.0017785414938790026,0.0336775303078911,0.0007497715499523357,0.13710031861209693,0.004155316563524527,0.04717547564093986,0.00231423582078356
0.10570500125803946,0.0017683353767238303,0.03366487519491769,0.0008056749771196137,0.13705929964731478,0.004155473059627721,0.047175477064372064,0.002262008379504819
0.10560868533966195,0.0017521897631142737,0.033567858681926646,0.000738664372434253,0.13697734862501104,0.004169957953626669,0.04705737062378401,0.002292042457296021
0.10553123321322792,0.0017274563662701384,0.033529895656034966,0.0007515406994695198,0.13692778929480523,0.004185677796526434,0.04707424256574452,0.002311571004771238
0.10546398505417945,0.0016864804769266433,0.03349193271910594,0.0007279315288806173,0.13689615673120475,0.004210256366494791,0.04702362389299855,0.0023684886700921963
0.10536652414192374,0.0016802748447690143,0.03349193280806857,0.0007278132190499046,0.13684750399974893,0.00421375122770803,0.047074239718880105,0.0024292191675865933
0.10529699012583811,0.001703846601529647,0.03347506068819779,0.0007130626962471618,0.13681595063195567,0.004199969935927504,0.04709111308427283,0.0023797449151290793
0.10524179919908365,0.0017160860682175856,0.033449751885653155,0.0007371812667101344,0.13680257111844063,0.004194216500469008,0.04705736920035179,0.0023773729519834916
0.10516628142154993,0.0016896303939500062,0.033466624361374486,0.0007038930981130207,0.13674114537731125,0.004215221432085751,0.04707424256574452,0.002378348590039583
0.10505984957872731,0.001652771081522427,0.03340335235501292,0.0006994515912701001,0.13669568572688523,0.004224933091448129,0.047023623892998544,0.0023840674718048995
0.10495468446716824,0.0016396282826890438,0.033403352799826085,0.000666518989670328,0.13662274374041739,0.004237206359909262,0.047074239718880105,0.002430976272392571
0.10487283518805617,0.0016620923820480217,0.0333400805265766,0.0006739345435139566,0.13656626984769282,0.004219354152743141,0.047023623892998544,0.0023828731526474136
0.10476858957733115,0.0016621357808509591,0.03332320787293001,0.0007205740900448726,0.13650257098942636,0.004208845454621379,0.04697300522025258,0.002389296233071638
0.10470348553418622,0.0016557960730366333,0.03328102659466404,0.0006622904764489605,0.13648597821450514,0.0042124488013912005,0.046939258489467124,0.002417220484375279
0.1046120456032075,0.0016572517597524497,0.03319666350435631,0.0006413816998672501,0.13644886021637073,0.004209448990468136,0.04698987573878089,0.0024467135524773548
0.10449562459485644,0.0016728170621844176,0.03323462653024798,0.0006496987534967605,0.13637615319333415,0.004212520678938633,0.046939258489467124,0.0025056967575784175
0.1043816594249773,0.0016583168388569455,0.03320088148984268,0.000630659556379743,0.13628881122819908,0.004219594211191384,0.04688863839328894,0.002530409450641542
0.10425530477514133,0.0016624198960566172,0.03314604572134176,0.0006574787968135503,0.13619636054081086,0.004214355237750261,0.046871763604464003,0.002559014601902151
0.10418941362147596,0.001675494556641489,0.03310386435411318,0.000652312497603548,0.1361628415129561,0.004203490969913515,0.04682114635515024,0.0025492101581433718
0.10408729947213904,0.0016805218973982956,0.033074337477119534,0.0006585300339892646,0.136101405864626,0.004221642656002182,0.04680427441318971,0.0025281396766027565
0.10398239107714366,0.001677014412567907,0.03300684721838367,0.0006599507884574231,0.1360383639912813,0.004228436034958072,0.04670303849112998,0.0025590194019341635
0.1039092786025465,0.0016914949270308243,0.03300262878808412,0.0006664283188222349,0.13600643313968516,0.004228454536623404,0.046669294607208936,0.0025348979418336145
0.10384950167070758,0.0016946476839178343,0.032985756490288065,0.0006735563997362991,0.13596174618809576,0.004231143760444584,0.046703038491129965,0.0025422788147289703
0.1037778352963367,0.001714676349989853,0.032956229613294405,0.000679029574374451,0.1359345295671291,0.0042246901286517495,0.046669293183776724,0.002553339003570206
0.10366889428262678,0.001706239120483149,0.032968883925604084,0.0006491261427019886,0.13585346175468838,0.0042442666648502565,0.04661867735789517,0.0025423077958019427
0.10361664534546271,0.0017045916214912587,0.03293935731549836,0.0006279644930173076,0.13583594806205335,0.0042354034345334565,0.0467030427614266,0.0024551979229302957
0.10356628939135892,0.0016958676871980565,0.032922484661851756,0.0006237778583742726,0.1358067458286905,0.004237191618276498,0.046652428358977246,0.0024104368107701448
0.10347641073671485,0.0016803110990854422,0.032880303027735244,0.0006818151101852471,0.13573500214644205,0.004223420552386726,0.04668617224289829,0.0024348559217361445
0.10339681340970142,0.0016996542202195003,0.03286343064097655,0.0006964600954570477,0.13569248066548842,0.004211436113750454,0.046618683051624005,0.0024042809737805176
0.10334223431887697,0.0016891880860367937,0.03285077668451742,0.0006540863505603868,0.1356757030056428,0.004220304935665914,0.046601809686231274,0.002420782564515816
0.10327420697893892,0.0017047227628787184,0.03280859558417673,0.0006332253476464921,0.13564375142575671,0.004178896399033876,0.046601809686231274,0.0024013016520717384
0.10321074984992888,0.0017216988147959404,0.03277906870718309,0.0006264177888135032,0.13561282447200582,0.004154716055383873,0.04656806580231024,0.00239681390931641
0.10315815476314291,0.0017266762768606593,0.03275375981567582,0.0006250754351295927,0.13559616197544982,0.004153977352113359,0.04655119243691751,0.0024475718954738972
0.10307869741180062,0.0017331552750336672,0.032774850632734075,0.0006409653196778468,0.13554915081878913,0.0041465504991754654,0.04656806580231023,0.0024508434725293883
0.10299627465719441,0.0017355628659660562,0.032720014953195806,0.000636451878799314,0.1355335743580967,0.0041571531261171595,0.046584937744270756,0.002454547066991858
0.10292992711708229,0.0017380968188861418,0.032694706239613805,0.0006520308983573106,0.1354945305929473,0.004164292088604516,0.04656806580231023,0.0024127998570649136
0.1028331865347399,0.0017352965428541988,0.03263565248562652,0.0006690299398978214,0.13542190463534703,0.004161600361106661,0.04650057803446815,0.0023302598406009017
0.10274192733147063,0.0017513387400322328,0.032551289306356146,0.0006815152899234596,0.13538497898785634,0.0041599958876803855,0.04648370609250764,0.0023103963116409146
0.10265192575106497,0.0017631330641492474,0.03253863490508383,0.0006821405756484821,0.13533837785339883,0.0041749759133037,0.046517449976428676,0.002368542822032879
0.10257376660047099,0.001792799601440962,0.03248379904762028,0.0006763694083301838,0.1352800752585428,0.004135727100120789,0.04641621690123335,0.0022583166412644675
0.10250767430562131,0.0017806755500294534,0.03245849051196356,0.0006946273327045679,0.13524282572556665,0.004128201411481935,0.04641621547780115,0.002275865734679329
0.1024160675485641,0.0018023594077606027,0.03248379931450819,0.0006915993476192814,0.1351858703479644,0.0041114818164265,0.046382471593880106,0.0022342312067702235
0.10233163833048406,0.0017923299523925,0.032471145180123784,0.0006702108491944327,0.1351201954911279,0.004114257908098815,0.046382471593880106,0.0022182478398335343
0.10229180448420032,0.0017980829098613814,0.032441617947279594,0.0006948047201027829,0.1351097764765439,0.004117308318929604,0.04636559965191959,0.002213891857323068
0.10219621465406577,0.001793904868342994,0.032412091515099134,0.0006462688411565037,0.13503879986594922,0.004109159944231601,0.046331858614862956,0.002175584699034668
0.10212291067795672,0.00179443847312543,0.03238256410432967,0.00063907303996288,0.13499037741898112,0.004105033465753284,0.04633185719143075,0.0022106057952548074
0.10202725737528513,0.0018055518828100456,0.03236147346519669,0.0006628526882082603,0.13493762645718935,0.004104681789785683,0.04638247301731231,0.0022380863511266397
0.10194506966626053,0.0018066618614194926,0.032323510795155566,0.0007027447994288816,0.13490516379301384,0.00411547352636662,0.04634872628652685,0.0021951495105323577
0.1018706464744316,0.0018082895422362377,0.03230242024498522,0.0006429883391825121,0.13486251487127573,0.0041078769163060405,0.04636560107535179,0.002129362943220617
0.10179243086094344,0.0018004573562172758,0.03227711126451531,0.0006599112137866025,0.1348209486214774,0.004106324001212392,0.04634872913339126,0.00212669951260235
0.10174921755796056,0.0017999492489798323,0.0322391478827731,0.0007037408706507778,0.1348050865793648,0.004108662636456901,0.04626436800015646,0.0021079111756227738
0.101675492862268,0.0018072080469779068,0.03225602062538234,0.0006772098816313018,0.13477849845885206,0.004087316898974485,0.04624749605819595,0.0021406263027447547
0.1015828314659436,0.0018145076283748447,0.03223071200076298,0.0006586767129430143,0.13473160402993514,0.00408364819489822,0.0462812427889814,0.0020780355009867644
0.10151375012035435,0.001824752634407621,0.03221383952504166,0.0006925462383628276,0.13469220282852135,0.004075772808045374,0.04626436942358868,0.002076645003805963
0.10143571094964163,0.0018402385378818587,0.03218431264804801,0.0007010252174069906,0.1346382155956737,0.004068108302652933,0.0462137507508427,0.0021219135632345168
0.10134916953860665,0.0018732537650728038,0.032159003845503374,0.0006982767262916655,0.13459090260097403,0.004049561510785303,0.04623062269280322,0.0021621741149978253
0.10126635050880235,0.0018467249311727694,0.032125258805098075,0.0006905891717349428,0.13453415702095342,0.004059299905134237,0.04624749605819595,0.002166402389667059
0.10118661429315376,0.0018452314004989774,0.03211682265620005,0.0006728466431388889,0.13448367656044521,0.004069253062739504,0.04631498382603803,0.002213540455279706
0.10112127370754151,0.0018417165943630208,0.032078859363420476,0.0006959264939326306,0.13444057589269032,0.004080056947774867,0.046264368000156465,0.00216717893611276
0.1010283155603882,0.0018135628454542096,0.032028241847293845,0.0006690226552142273,0.13436401475513446,0.004097125220292913,0.046247494634763735,0.0021492213460382503
0.10095344701602718,0.0017905975011766346,0.03203245992174286,0.0006613701675175509,0.13432793332117413,0.004113873690085977,0.04626436657672425,0.0022274018033159528
0.10086681469036192,0.0018228486280098088,0.0320240236838822,0.0006745828560520567,0.13429554773276736,0.004105759566612553,0.04616312923123231,0.0022201864397787996
0.10079825966806058,0.0018110095006187473,0.03199871452548701,0.0006853970317132924,0.13425963398367383,0.0041169545274434335,0.04616312923123231,0.0022156943511214087
0.10073059909444124,0.0018054151296982778,0.03198606012421471,0.0006777208403065616,0.13422880748823435,0.004117140406277939,0.046180001173192826,0.0022489652647256298
0.10066592207972865,0.0018001015541028874,0.03195231499484678,0.0006619643977959209,0.13419564895913125,0.004114416778633281,0.046196877385449975,0.0021153159459015593
0.10059891956738416,0.001794301162855055,0.031914351791029826,0.0006606703154267867,0.1341511192818971,0.004107124066196651,0.046129385347311265,0.002109069548048286
0.10053406156611447,0.0018034610599784423,0.031851080140518795,0.000688767163561154,0.1341107872503434,0.004118070723953331,0.04618000259662503,0.002119964067908714
0.10046434600301676,0.0017923880759470685,0.03176671758398688,0.0007081284744178497,0.134053116542701,0.004114653143026532,0.04612938677074347,0.002103013149602086
0.1003560795909308,0.0017743110681280325,0.03176249950953787,0.0006898801870746329,0.13396921332804348,0.004121688945905776,0.046180004020057244,0.0021159633417242845
0.10025947637767922,0.0018039719681552263,0.03170344531073739,0.0007086155265822238,0.13390012206551588,0.00409560167167589,0.04609564288682243,0.002130075866911582
0.10019677012965733,0.0017852088177197664,0.03169500951768991,0.0006738884980056288,0.1338735506909741,0.004114877193524634,0.04612938961760789,0.0020696431746424983
0.1001249196707747,0.0017775731325567745,0.03163595567473998,0.0006861322589573919,0.1338350423891679,0.00411425923471692,0.04616313350152893,0.0022241084870869275
0.10006735627032484,0.0017893018425323597,0.03162751916999142,0.0006874935977914839,0.13381375059360423,0.004116743167605932,0.04611251482878296,0.00227983900100681
0.09998541030324859,0.0017804356753029552,0.03162751934791668,0.0006933006393095003,0.13378248447266733,0.004123636262429568,0.046078770944861916,0.0022022449971210774
0.09991858543193324,0.0017717010456948408,0.03159799229299776,0.0006926258716616499,0.133737614958473,0.004117347239440122,0.046095642886822434,0.002223587286979118
0.09983080143362535,0.001769572978908951,0.0315979923819604,0.0006954498999956546,0.13366893925193624,0.0041266377119981166,0.04601127890672321,0.00227544839876902
0.09976454960563222,0.001754289678899147,0.031560029356068726,0.0007028606600766056,0.13363850148751252,0.004124895993720633,0.046061897579469185,0.002254353516659537
0.09968935318328923,0.001758480982967457,0.03154737495479641,0.0007072511687407859,0.1335855083179452,0.004132981258556947,0.046028152272115944,0.0022798411682294416
0.09962313770628464,0.0017339054934404196,0.03154315652449685,0.0007117766332074495,0.13355093824324188,0.004152508871657535,0.04604502279064425,0.00231928990023171
0.09955506266283237,0.0017384166436862282,0.03149675726074452,0.0006724501424631087,0.13351905860562435,0.0041482549532410795,0.04611251482878295,0.002248395601503928
0.09948020718791761,0.0017053181757734443,0.03147988442917264,0.0006958414724878342,0.1334820011026074,0.0041653817177556935,0.04604502279064425,0.0022970910230397756
0.09940661495525267,0.0016840865679745803,0.03144192113639306,0.0007083546511843402,0.13344011254319546,0.004187111162607057,0.04597753075250555,0.002287485538472473
0.09933581773461053,0.0016827559724495354,0.0313997398581271,0.0006817315199315522,0.13340379953366738,0.004204310887632873,0.045910041561231255,0.0022858875830120166
0.09925843533543802,0.0016538247722829287,0.03139974003605238,0.0006377822911292462,0.13335402534464774,0.004228565725400751,0.04597753075250555,0.0023202341761876604
0.09920208894177657,0.0016672939882137823,0.03133224968835388,0.000685786305518956,0.13333876501562272,0.004232063692378571,0.045977527905641136,0.0023530754702664317
0.09913788566175236,0.0016616216709845234,0.03130272307824814,0.0006548505100304045,0.13330868241192148,0.004238632566229114,0.04597752648220892,0.00233604925334575
0.0990672562408653,0.0016493183198647728,0.031285850691489446,0.0006385135388226821,0.13328186374381434,0.004239986516964055,0.04597752505877671,0.0023560417269753733
0.09900186062042485,0.0016704802677163103,0.031256323725533164,0.0006403741238716714,0.13325036305611898,0.004217181578068979,0.046028145154954896,0.0023199276596513533
0.09894624002496552,0.001657203858950746,0.03125210591797206,0.0006348650082912931,0.13322130774452312,0.004225426571538332,0.04606189330917256,0.0022874832314970462
0.0988810189561118,0.0016588999969612424,0.03124366959114876,0.0006362892056355746,0.1331799244264515,0.004225371968804423,0.046129382500446854,0.0022746089444579533
0.09878828109313353,0.0016867540729274023,0.031201488490808078,0.0006218736456821787,0.13313520743802262,0.004205822133211453,0.046078763827700875,0.0023611820991907752
0.09871258434059756,0.0016867093652125785,0.031205706476294448,0.0006432433972568754,0.13307647345341317,0.004203248958722562,0.04609563861652581,0.002334671157878723
0.09867014568903079,0.0016850792289447628,0.03120992455074346,0.0006447321774011968,0.13304721260304292,0.004203722383939718,0.046028149425251526,0.0023727933353142037
0.0985846929013767,0.0016893620693421351,0.031171961613814424,0.0006272010478340103,0.1330186400013729,0.0041983858812612755,0.04606189615603698,0.0023410588876220098
0.09848619391416584,0.001683326394586663,0.031159307479430028,0.0006224586130616343,0.13295023625423352,0.004220879163927009,0.04604502279064425,0.002349173711956888
0.09842608687417229,0.0016591188711646118,0.031176179955151356,0.0006257065521972238,0.13290109780722256,0.004237494209447917,0.046011276059858795,0.0024448740230063456
0.09836677592622124,0.0016241433194357634,0.03112556243902473,0.0006222861392685274,0.13287450542379423,0.004260886960798632,0.04602814942525152,0.002411474057262857
0.09827445616232558,0.001617601908989899,0.03109181748758207,0.0005962997396618476,0.13282802587741788,0.004249505966708323,0.04601127605985879,0.0024419614794454225
0.0982046141530953,0.00160307346110266,0.031062290432663155,0.000624849003177677,0.1327909561040768,0.0042609196036502645,0.045994401271033866,0.0024713547117464077
0.09813283886376582,0.0015988087070678743,0.031058072625102053,0.0006601996611094846,0.13274089191804278,0.004276865273028532,0.04597752505877672,0.002518418364676684
0.09804061390642041,0.001606812393824063,0.031032764178407963,0.0006264740894405282,0.1326718773010204,0.0042764981854545876,0.045960654540248405,0.0025495782748504235
0.09798371133021563,0.0016341362198615227,0.03101167345031235,0.0006129756784447691,0.13264680623651864,0.00427511132711484,0.04597752648220893,0.002590336373871617
0.09791700276731109,0.0016388834912336046,0.031011673717200254,0.000607449547457743,0.1326022041947724,0.004264499903300281,0.046011273212994384,0.0026180247680674005
0.09784334913577195,0.0016323490413509753,0.031003237479339595,0.0005807053363593823,0.1325584887089522,0.004269062113162516,0.04594378259828789,0.002584634951511343
0.09776669304099513,0.001622644071506468,0.030961055845223084,0.0006095377645974435,0.13251144481524568,0.00428399598823508,0.04589316534897412,0.0025184740555470146
0.09768652055749419,0.0016282665044966818,0.030935747398529,0.0006055131606731196,0.13246144798874565,0.004280896505194913,0.04589316534897412,0.0025184740555470146
0.09762538293411002,0.0015990683631201563,0.030889347956851398,0.0005987445176648675,0.13241106492576815,0.0043101512621822324,0.045926909232895156,0.0025407356788945228
0.0975491493952078,0.0015909894195399795,0.030859820990895116,0.0005882176803245269,0.13238036614348303,0.004331110004773209,0.04587629625387801,0.0024863454499287107
0.09746980442901902,0.001591635227957113,0.030855602738520827,0.0006011656918264394,0.13233893541896696,0.004329219472177034,0.04589316819583853,0.002490110694511491
0.09741530651147465,0.0015786739433903713,0.030834512010425214,0.0006099759672515381,0.13230641661810985,0.004320580989639745,0.045825679004564246,0.002494926714250785
0.09734003872288208,0.0015651654502953994,0.030821857431227624,0.000612382479327152,0.13226700163138647,0.004328295538294441,0.04584255094652477,0.0025143515588510927
0.09726690786866636,0.0015764076292542767,0.030817639445741247,0.0006415906695048674,0.1322157665402993,0.00430765303157553,0.045876293407013595,0.00250568536172822
0.09719317390305957,0.001604391854994933,0.030788112657710236,0.0006328000462375173,0.13218236618992668,0.004280313757374094,0.045825674734267616,0.002547914241680059
0.09711555888395337,0.001613470916240593,0.03075436743937967,0.0006712671112677179,0.13214425575497316,0.004293805738895859,0.045825674734267616,0.0025668370044926066
0.09704665116890242,0.0016319390511599864,0.03072062204312383,0.0006639472846097508,0.13212160143143342,0.004289010458015326,0.045842548099660346,0.002564745687897822
0.09698841517940016,0.0016128508751667833,0.030691095255092827,0.0006582736982580056,0.13210246171625295,0.004297517028682183,0.045842548099660346,0.002564745687897822
0.09691857596169676,0.0016146878784227808,0.0306489140657895,0.0006645998578806414,0.13204891856573184,0.004288573329147406,0.045825676157699835,0.0025079594031542484
0.09684049827102968,0.0016487677372800473,0.03064469590237785,0.0006567341255977247,0.13199754988400775,0.004263795808695749,0.04587629483044581,0.002539565382718828
0.0967681349398479,0.0016438192913834353,0.030648913976826862,0.000668200004940566,0.13195817479966468,0.004252402991004385,0.04589316819583853,0.0025117370468697104
0.09671342464573915,0.0016415974938733563,0.030602514713074524,0.0006289216657763892,0.13194193469840193,0.0042636164411915724,0.04587629625387801,0.0025114070087521906
0.09667473322360126,0.0016354541707412804,0.030594078297288586,0.0006515083015454675,0.1319405415431622,0.004264286005135416,0.04589316534897413,0.0025577346399752064
0.0966087282988329,0.001626613883515998,0.03056455168718285,0.0006262912457898213,0.13190807964646675,0.004276703583946157,0.045808802792307105,0.0025738239307816755
0.09653775035656159,0.001657340893950029,0.03051393443794414,0.0006122264038370364,0.13185399501435693,0.004242325269558996,0.045808805639171515,0.0024526720177227004
0.0964742187722611,0.0016680932465666062,0.030513934348981503,0.0006034402507126043,0.13182969376292872,0.004245255124911537,0.045876293407013595,0.0025512811872958224
0.096392442929863,0.0016719545499330464,0.030513934615869414,0.0006161470687676911,0.13177610824895986,0.004223714693407296,0.04585942146505308,0.002533488325375745
0.09629983888860884,0.0016599689797251135,0.030438008386160793,0.0005970855501646952,0.13174050726570913,0.0042270674225889805,0.04584254667622814,0.002546333689723877
0.09621891614618068,0.0016562483029045033,0.030425353806963207,0.0006203431471799483,0.13169282449088496,0.004209927659482573,0.0458088013688749,0.002511658538736243
0.09617080255598098,0.0016590152301002108,0.030366299786088007,0.0006476668651433583,0.13166941082585926,0.004207503137630399,0.04585942004162088,0.0025222004869168303
0.0960839161025818,0.0016450597161380147,0.03032411868574732,0.0006200254385570207,0.13162020983145464,0.0042188801232389194,0.045775061755250486,0.0024967544464026257
0.09603682117323649,0.0016501323105256446,0.030315682269961387,0.0006481071447100171,0.1316032280131487,0.004213634334427283,0.04574131644789724,0.0025085830067812635
0.09595450971784379,0.0016296885243809271,0.030281937051630813,0.0006461455992373362,0.131552507631079,0.004225941179060704,0.04569070204544789,0.002424500975692908
0.09589623286211042,0.0016214388097612346,0.030277719155107075,0.0006297290040179705,0.13152971567443106,0.00422182719455676,0.045656955314662434,0.0024108073539641137
0.09584916810828702,0.0016212982030434566,0.03027350081377015,0.0006577727960857569,0.13149474142678566,0.00420731221825029,0.045606336641916455,0.0023996637300684946
0.09577608363667052,0.0016364526382303814,0.03024819174433761,0.0006499759457962719,0.1314533349118072,0.004207690377625666,0.045673830103487356,0.002366875842890945
0.09571754436314275,0.0016114521205132393,0.030222883030755616,0.0006437347416977182,0.1314172567160961,0.00421990181770044,0.045656958161526845,0.002399027076185885
0.09566882954941494,0.0015945846385922605,0.030189137990350324,0.0006379870416557798,0.13139560362259123,0.004232244155203673,0.045673828680055165,0.002403256273385831
0.09558133779196301,0.0015871376554375857,0.030189137723462413,0.0006426980400334671,0.13133927606800602,0.004256346911348703,0.045673827256622945,0.0024536393912295484
0.0955196926691118,0.0015901807678921811,0.030180701841452294,0.0006523884698571925,0.13132754615148667,0.004258893906870642,0.045707572563976194,0.002460475678568869
0.09543532441475919,0.0015747937409915447,0.030168047707067887,0.0006234773741299941,0.131282743786306,0.004271389451479915,0.045707572563976194,0.0024413115254730638
0.09537002599077057,0.001568583984582505,0.030138520741111608,0.0006208142462686885,0.13123846563497227,0.004275446798945711,0.045673828680055165,0.0024519197639297353
0.09529789564617382,0.0015672227606173977,0.030104775611743677,0.0006230403228213342,0.13119110998563505,0.004284011628885495,0.04567383152691957,0.002385473212892765
0.09522528713257954,0.0015633064343487234,0.030087903136022342,0.0006136905850074589,0.13115874926986215,0.004291847916339998,0.04567382868005516,0.0024710080598238492
0.09513951510869599,0.0015412023632285802,0.03005415765080387,0.0006495018191811816,0.13111076579253775,0.004307659359761528,0.04564008337270191,0.0024689328124209184
0.09507934394279076,0.0015577329668419377,0.030028849026184513,0.0006257060040551845,0.13107606722916648,0.004301399060640044,0.04564008052583749,0.002521364600981355
0.09500083776327492,0.0015459774800865938,0.030007758298088893,0.000616246321438135,0.1310227682453624,0.004327883692777755,0.04569069919858346,0.0024588444292133627
0.09494473773297174,0.0015502366147369547,0.030016194446986923,0.0006391997063790987,0.1309955700253343,0.004323078524938897,0.04569069919858346,0.002472697900916767
0.09488806436680025,0.0015614133700944607,0.030007758387051532,0.0006234267310956979,0.13095689618376058,0.004309522869725648,0.045673824409758534,0.002476679428122014
0.09481404441753274,0.0015557974706706672,0.029990885733404925,0.0006550942695971252,0.13092037036115922,0.004319123945438812,0.04569069777515126,0.002427350852665684
0.09474440801599351,0.0015513825052644293,0.029952922974401164,0.0006211518402061703,0.1308921254780939,0.0043290451608456884,0.045656951044365804,0.002471369550472423
0.094699345170731,0.0015498257202934272,0.029931832157342915,0.0006483340696647981,0.1308845524448325,0.0043357722351632915,0.04569069919858347,0.0024314796657338733
0.09463884963302038,0.0015455192514944483,0.029898087027974984,0.0006337852684373943,0.13086097070014133,0.004334712858846594,0.04570757256397619,0.002476051518499354
0.09459794320771094,0.001558606667756438,0.02986855979513079,0.0006548674313510557,0.13085634039768884,0.004331580020692568,0.045707573987408406,0.002423198786375922
0.09455757855672517,0.0015512919419347064,0.0298432510815488,0.0006485358146611845,0.1308340666726236,0.00432841777355424,0.04567382868005516,0.002436202655035687
0.09452297151343476,0.0015614639879033177,0.029834815110576042,0.0006382621803881728,0.13081278156419152,0.004316922944160506,0.045673828680055165,0.0024127135560715494
0.09446413760715419,0.0015736630551022297,0.02983903300709978,0.0006472205302841719,0.1307843542664587,0.004308388887607709,0.045690700622015676,0.0024320927824867554
0.09440371563680688,0.0015782524548144745,0.02979263409919799,0.0006231831487923993,0.13074202740504987,0.004307802591161977,0.04567382725662295,0.0024250423607612807
0.09433271897239404,0.0015758941058589702,0.029788415757861064,0.000626163783584299,0.13069834075650502,0.004322412901936842,0.04574131787132944,0.002406077499526878
0.09425969481286271,0.0015809449332485214,0.029796851817796455,0.0006159553528707292,0.1306584501965973,0.004324891517974175,0.04567382868005516,0.0023390150485246178
0.09419734038107594,0.0015621265444113364,0.02980950657491932,0.0006277332459376987,0.13063500792004984,0.004344344563906192,0.045673827256622945,0.0023414191195522288
0.09413616777766134,0.0015429073488148779,0.02978841566889843,0.0006128037317641863,0.13059143305142212,0.004362522017530955,0.04558946469995593,0.0023102050953285776
0.09408101119626137,0.0015327839306378019,0.02978419732756151,0.0006423913662386881,0.13057159612303443,0.004361594862709093,0.04557259275799541,0.002310092663722229
0.0940302580475507,0.001537969737832289,0.02975888852501688,0.0006312984315488378,0.1305495774520883,0.004358470441210477,0.04553884602720996,0.0023229653700999513
0.09395877909086335,0.0015204377991319467,0.02972936138113532,0.0006247135887462919,0.13050889896349277,0.004359924156272939,0.045555717969170476,0.002323322260029547
0.09389359284758454,0.0015097871917970007,0.029687180280794635,0.000586833075488433,0.1304822763931129,0.004357279926276198,0.045505103566721126,0.002245876472740412
0.09382945632596476,0.0015210910031196346,0.029661871389287376,0.000602091581557401,0.13046145854127925,0.004342316969436137,0.045521975508681645,0.002265426377837029
0.09377486845079716,0.0015229255823236687,0.029670307627148042,0.0006022089316976906,0.13043824322496797,0.004340166645635008,0.045521975508681645,0.002246499042008266
0.09372118788523967,0.001533405079584188,0.029623908096507785,0.0005991220936763562,0.1303966737790347,0.00435265486080288,0.04548822877789619,0.002273423507902558
0.09367908257691362,0.0015325680934385325,0.02960281727944954,0.0005898344903285372,0.13040128615127994,0.004351836417620326,0.04545448062367853,0.002277736554755629
0.09359582470481181,0.0015356979519375957,0.029602817368412172,0.0005874209909317133,0.1303348546786452,0.004369100603550755,0.04545448347054294,0.002281540568242921
0.09352526994634124,0.0015374281028399288,0.02955220011917346,0.0005875567147886444,0.13028249325192337,0.004373111809783733,0.045454484893975154,0.0022304610564442516
0.09346369811267505,0.0015449051789298098,0.029539545628938506,0.0006048899480175394,0.13024755175398917,0.004360599441429799,0.045505100719856716,0.002286640826214323
0.09340603411042836,0.001552856339073345,0.029493145920372988,0.0006452948949014429,0.1302309226141066,0.00435252124160054,0.04550510071985671,0.0022527779647204
0.09335268057658415,0.001536088909390983,0.029497364083784637,0.0006458482169572832,0.13021955198420576,0.004350392032674452,0.04547135683593567,0.002245459227748556
0.09328315692668769,0.0015270299186671073,0.029493146009335624,0.0006799387810859051,0.1301827095849698,0.004351907323672947,0.045403864797796976,0.0022539048820741053
0.09322396106115109,0.0015441334803905887,0.02948049160806331,0.0006780774437788599,0.13015874626124854,0.004346886464183436,0.04537012091387592,0.002181396661804792
0.09315591981190305,0.0015526459987850495,0.02944252840424636,0.0006774976213654275,0.13011643766734313,0.004336183600291116,0.0453532475484832,0.0021677637578918704
0.09309157742086549,0.001537475848833529,0.02942565610645031,0.0006897909879496585,0.13006797983649024,0.004344044393762147,0.045268887838680605,0.0021704455332227394
0.09301206944056996,0.0015510894561373708,0.02940878354176634,0.000711276254430329,0.13002857996589107,0.0043320349493585365,0.04528575978064112,0.0021827278409267824
0.09292261866097709,0.0015459125339848218,0.029366602174537744,0.0007081387080928322,0.12998006719405608,0.004338039448188019,0.04526888926211281,0.0021599582254106593
0.09285759019282994,0.001552299177369507,0.029353947773265433,0.0007200730735059962,0.12994781948961637,0.004325987783971642,0.04523514395475956,0.0021192388875349304
0.09279909351866288,0.001548613268399587,0.02933707538650674,0.0007156907503356968,0.1299217118280309,0.004323539365343276,0.04523514110789515,0.002185314323563986
0.09271607020531587,0.0015152285872544727,0.029315984836336396,0.0007078207334853576,0.12987355211748455,0.004354239140056361,0.04516764906975644,0.002272891977382231
0.09268139082308102,0.0015159819281581786,0.029290675944829127,0.0007038327086650538,0.12986049210828665,0.004347777111259511,0.04516764906975644,0.0022609626445387987
0.09260304810756156,0.001538399140590861,0.029252712829974818,0.000686895000489501,0.12983214211058422,0.00434668637898105,0.04515077997466034,0.002165062317304463
0.09253147010499944,0.0015580455089714285,0.02921474971512051,0.0007030762525487757,0.12978973520798515,0.00434995636262277,0.04525201589672009,0.0022055960376204963
0.09248808146424571,0.0015605245855790256,0.029218967789569523,0.0007221987716542143,0.12977386595064608,0.00434363726399469,0.045235142531327356,0.002200926036997051
0.09241631460248943,0.0015878838735583257,0.02921896796749479,0.000762472651458018,0.12973372836793629,0.004322575400738341,0.045117034667307085,0.002152533968821842
0.0923588612105403,0.0015885350629390442,0.029223185864018536,0.0007589557853156886,0.12969992437216854,0.004316364949676999,0.04508328935995385,0.002131395602652889
0.09229210595897554,0.001595880143399332,0.029202095402810834,0.0007572023196254444,0.12967248729107048,0.004301365816251925,0.045083293630250466,0.002142810095220197
0.09220801025014778,0.0016132115303762846,0.029164132110031243,0.0007500904931443839,0.12962006604477466,0.004305568828589084,0.04513391087956424,0.002114981332598188
0.09216047950556207,0.0016087700198830568,0.029151478242534758,0.0007283281098501798,0.12961278457389094,0.004321082300493885,0.04520139864740632,0.002209983508104637
0.09207172650545735,0.0016026221343407613,0.029143041737786174,0.0007561262845836961,0.1295505285161526,0.004329459134194587,0.04518452812887801,0.002153391540369015
0.09198127879694268,0.0016211242028066424,0.029075551568012947,0.0007589638128084521,0.12949282412040164,0.0043113670387727385,0.04508329078338606,0.002146724228455703
0.09192371163832447,0.0016186890561218003,0.02909242431062219,0.0007545053113978375,0.12943990332405694,0.0043194685521481405,0.04506641741799334,0.0021432547561159587
0.09188368622864103,0.0016279517103870438,0.02906289752259118,0.0007582024142580837,0.12942742557412315,0.004319701085384334,0.04508328935995386,0.0021493442283158906
0.09181970909567913,0.001615920873571602,0.0290502432102815,0.0007509666034331552,0.12939679432654802,0.004330419433713033,0.04506641599456112,0.0021807551774470552
0.09175757133519688,0.0015976223498279322,0.029037588542121278,0.0007364576135976202,0.1293775419319919,0.004337788255494633,0.0450495440526006,0.0021236216855848524
0.09170563717145376,0.0015948875816917932,0.02902493458566215,0.0007120308114905692,0.12934922390028208,0.004353737490762874,0.04501580016867957,0.0021360804568797452
0.09164813941922072,0.0016033908731192383,0.02902493449669951,0.0006867134039894402,0.12932599022179175,0.004354799904894834,0.04504954689946502,0.0021575991627886576
0.09159206260577456,0.0016098087305844973,0.02897009846131069,0.0006927855719402076,0.1293067836763039,0.004353576179230712,0.045083290783386056,0.0021658723311599546
0.09153419273234674,0.0016070602826488154,0.028974316802647608,0.0007096432240336327,0.12927714365894605,0.004364939016542698,0.045032673534072296,0.002139960711876349
0.09145082187234209,0.0015874500794041601,0.0289447897477287,0.0007129140628476229,0.12922504611676927,0.004363382848317215,0.044998923956422424,0.0021814939357108648
0.09140195448033293,0.0015882861303820283,0.028932135346456382,0.0006953257817481619,0.12922228964950314,0.004360482968141349,0.044998926803286834,0.002178948009429561
0.09133280670428254,0.0015888248671196647,0.02890260793568692,0.0007334365086307231,0.12920427810624296,0.004342808032268763,0.04506641599456111,0.00227718823202412
0.09128226595304553,0.0015757200002896302,0.02890260784672428,0.0007436719328071789,0.1291775048976381,0.004359903243121996,0.04504954405260061,0.0023264252894791442
0.09122313409018148,0.0015716393377192526,0.028881517474479212,0.000727720798545709,0.129162813174147,0.004352994443992179,0.044998926803286834,0.0022978657405893148
0.09117845302817855,0.0015840439519849282,0.028868863251132172,0.000732576674950624,0.1291356738170903,0.004343341774700059,0.04493143761201255,0.0022666982105512654
0.09110718196953883,0.001587192409825228,0.028826682328716758,0.0006917426175766924,0.12910140000743434,0.004330227213109645,0.04496517722563697,0.002291818963483111
0.09103435696234301,0.0016107344189088498,0.028792937021423555,0.0007286839370189884,0.12907450483046728,0.004333648142510394,0.044931437612012556,0.002182884811701732
0.09098186686101718,0.0016187934163716159,0.02878871894697454,0.0007288813336467875,0.12904138542600826,0.004334714488266932,0.044982054861326316,0.002227928219227326
0.09092424935367835,0.0016208677320098178,0.028797155451723115,0.0006815341082581426,0.12901019105828732,0.004315045944874023,0.04494830813054086,0.002203481089868174
0.0908428267867478,0.0016248472064488953,0.02874231977218484,0.0006766607485442438,0.12895990124279505,0.004320589008031251,0.04496518007250139,0.002238460522078067
0.09079375650594881,0.0016216722980275735,0.028725447474388783,0.0006768800537691837,0.1289373527789159,0.0043112929125537595,0.044948305283676444,0.0022702400654831642
0.09073403877728305,0.001618239138731358,0.028666393275588307,0.0006985186719000379,0.12891831051826408,0.004308369268548953,0.04494830670710866,0.002253277906051028
0.09067123148022904,0.0016210578317503118,0.028645302903343238,0.0006863239006630382,0.12888674372464765,0.0043186277517173535,0.04489768945779489,0.0021943935811005438
0.09061426700003312,0.0016262751028229391,0.028645302814380602,0.0007092684200327602,0.12887327052256953,0.004329597048276324,0.04493143476514814,0.0021977653335027033
0.09056617779436679,0.0016342869182124793,0.02860733978848893,0.0007203749015488525,0.12886162160297057,0.004335796481302346,0.04496518149593359,0.0022032353234699483
0.09050892697135444,0.0016274932910032114,0.02858624941624386,0.0006967818380864415,0.12883082435782311,0.004344027543771936,0.044880817515834365,0.0022906357841276453
0.09045325811795617,0.0016067066814738453,0.028594685654104522,0.0007046273255136179,0.128807992932462,0.004373621451589793,0.04488081609240216,0.002324537182902058
